,PassengerId,Age,Fare,Survived,Sex,SibSp,Parch,Pclass1,Pclass2,Pclass3,Cherbourg,Queenstow,Southampton
0,-1.730107956920867,-0.5924805998028931,-0.5024451714361923,0,0,1,0,0,0,1,0,0,1
1,-1.7262200738716067,0.6387890120425208,0.7868452935884461,1,1,1,0,1,0,0,1,0,0
2,-1.7223321908223463,-0.2846631968415396,-0.4888542575852486,1,1,0,0,0,0,1,0,0,1
3,-1.718444307773086,0.40792595982150565,0.4207302360686478,1,1,1,0,1,0,0,0,0,1
4,-1.7145564247238256,0.40792595982150565,-0.4863374216869257,0,0,0,0,0,0,1,0,0,1
5,-1.7106685416745653,0.0,-0.47811642890864375,0,0,0,0,0,0,1,0,1,0
6,-1.7067806586253047,1.8700586238879346,0.395813560675251,0,0,0,0,1,0,0,0,0,1
7,-1.7028927755760443,-2.1315676146096605,-0.22408312108167944,0,0,3,1,0,0,1,0,0,1
8,-1.699004892526784,-0.20770884610120124,-0.4242561406845337,1,1,0,2,0,0,1,0,0,1
9,-1.6951170094775236,-1.2081154057256,-0.04295550208861426,1,1,1,0,0,1,0,1,0,0
10,-1.6912291264282633,-1.9776589131289837,-0.312172377522981,1,1,1,1,0,0,1,0,0,1
11,-1.687341243379003,2.177876026849288,-0.11384570873513637,1,1,0,0,1,0,0,0,0,1
12,-1.6834533603297426,-0.7463893012835698,-0.4863374216869257,0,0,0,0,0,0,1,0,0,1
13,-1.6795654772804822,0.7157433627828591,-0.01870931177853076,0,0,1,5,0,0,1,0,0,1
14,-1.6756775942312219,-1.2081154057256,-0.4902797934380587,0,1,0,0,0,0,1,0,0,1
15,-1.6717897111819615,1.947012974628273,-0.3262666585535892,1,1,0,0,0,1,0,0,0,1
16,-1.667901828132701,-2.1315676146096605,-0.06199888922968463,0,0,4,1,0,0,1,0,1,0
17,-1.6640139450834406,0.0,-0.3866707201133388,1,0,0,0,0,1,0,0,0,1
18,-1.6601260620341802,0.1001085568601522,-0.2859972841804228,0,1,1,0,0,0,1,0,0,1
19,-1.6562381789849199,0.0,-0.5029485386158568,1,1,0,0,0,0,1,1,0,0
20,-1.6523502959356595,0.40792595982150565,-0.12491978668775715,0,0,0,0,0,1,0,0,0,1
21,-1.6484624128863992,0.3309716090811673,-0.3866707201133388,1,0,0,0,0,1,0,0,0,1
22,-1.6445745298371388,-1.1311610549852615,-0.4867562231804066,1,1,0,0,0,0,1,0,1,0
23,-1.6406866467878785,-0.1307544953608629,0.06635974158478332,1,0,0,0,1,0,0,0,0,1
24,-1.636798763738618,-1.6698415101676303,-0.22408312108167944,0,1,3,1,0,0,1,0,0,1
25,-1.6329108806893577,0.6387890120425208,-0.016444159470040135,1,1,1,5,0,0,1,0,0,1
26,-1.6290229976400974,0.0,-0.5029485386158568,0,0,0,0,0,0,1,1,0,0
27,-1.6251351145908368,-0.8233436520239081,4.647001076532463,0,0,3,2,1,0,0,0,0,1
28,-1.6212472315415765,0.0,-0.48977642625839407,1,1,0,0,0,0,1,0,1,0
29,-1.617359348492316,0.0,-0.4894421904510968,0,0,0,0,0,0,1,0,0,1
30,-1.6134714654430558,0.7926977135231975,-0.09027201697708476,0,0,0,0,1,0,0,1,0,0
31,-1.6095835823937954,0.0,2.301728820789,1,1,1,0,1,0,0,1,0,0
32,-1.605695699344535,0.0,-0.49237782784290063,1,1,0,0,0,0,1,0,1,0
33,-1.6018078162952747,2.793510832771995,-0.43700743807979686,0,0,0,0,0,1,0,0,0,1
34,-1.5979199332460143,-0.1307544953608629,1.0060617003323709,0,0,1,0,1,0,0,1,0,0
35,-1.594032050196754,0.9466064150038742,0.39858208016340624,0,0,1,0,1,0,0,0,0,1
36,-1.5901441671474936,0.0,-0.5028639729296732,1,0,0,0,0,0,1,1,0,0
37,-1.5862562840982333,-0.6694349505432314,-0.4863374216869257,0,0,0,0,0,0,1,0,0,1
38,-1.5823684010489727,-0.9002980027642465,-0.2859972841804228,0,1,2,0,0,0,1,0,0,1
39,-1.5784805179997123,-1.2081154057256,-0.42207354059350805,1,1,1,0,0,0,1,1,0,0
40,-1.574592634950452,0.7926977135231975,-0.4576454924460446,0,1,1,0,0,0,1,0,0,1
41,-1.5707047519011916,-0.20770884610120124,-0.22559322262067316,0,1,1,0,0,1,0,0,0,1
42,-1.5668168688519313,0.0,-0.4894421904510968,0,0,0,0,0,0,1,1,0,0
43,-1.562928985802671,-2.054613263869322,0.18876253192945994,1,1,1,2,0,1,0,1,0,0
44,-1.5590411027534106,-0.8233436520239081,-0.48977642625839407,1,1,0,0,0,0,1,0,1,0
45,-1.5551532197041502,0.0,-0.4863374216869257,0,0,0,0,0,0,1,0,0,1
46,-1.5512653366548899,0.0,-0.3363340021468808,0,0,1,0,0,0,1,0,1,0
47,-1.5473774536056295,0.0,-0.49237782784290063,1,1,0,0,0,0,1,0,1,0
48,-1.543489570556369,0.0,-0.21191774308354583,0,0,2,0,0,0,1,1,0,0
49,-1.5396016875071086,-0.9002980027642465,-0.29002422161773944,0,1,1,0,0,0,1,0,0,1
50,-1.5357138044578482,-1.7467958609079686,0.1506737441786005,0,0,4,1,0,0,1,0,0,1
51,-1.5318259214085879,-0.6694349505432314,-0.4913710934835715,0,0,0,0,0,0,1,0,0,1
52,-1.5279380383593275,1.4852868701862427,0.8964967865378598,1,1,1,0,1,0,0,1,0,0
53,-1.5240501553100672,-0.05380014462052453,-0.12491978668775715,1,1,1,0,0,1,0,0,0,1
54,-1.5201622722608068,2.7165564820316566,0.5995101505357573,0,0,0,1,1,0,0,1,0,0
55,-1.5162743892115464,0.0,0.06635974158478332,1,0,0,0,1,0,0,0,0,1
56,-1.512386506162286,-0.6694349505432314,-0.43700743807979686,1,1,0,0,0,1,0,0,0,1
57,-1.5084986231130257,-0.0922773199906937,-0.5028639729296732,0,0,0,0,0,0,1,1,0,0
58,-1.5046107400637654,-1.9007045623886454,-0.08968408411123653,1,1,1,2,0,1,0,0,0,1
59,-1.5007228570145048,-1.4389784579466152,0.2958951755118318,0,0,5,2,0,0,1,0,0,1
60,-1.4968349739652445,-0.5924805998028931,-0.5028639729296732,0,0,0,0,0,0,1,1,0,0
61,-1.492947090915984,0.6387890120425208,0.962353321387736,1,1,0,0,1,0,0,1,0,0
62,-1.4890592078667237,1.1774694672248893,1.0323213593611125,0,0,1,0,1,0,0,0,0,1
63,-1.4851713248174634,-1.9776589131289837,-0.08666388103324908,0,0,3,2,0,0,1,0,0,1
64,-1.481283441768203,0.0,-0.09027201697708476,0,0,0,0,1,0,0,1,0,0
65,-1.4773955587189427,0.0,-0.3414522396297103,1,0,1,1,0,0,1,1,0,0
66,-1.4735076756696823,-0.05380014462052453,-0.43700743807979686,1,1,0,0,0,1,0,0,0,1
67,-1.469619792620422,-0.8233436520239081,-0.4841568350646187,0,0,0,0,0,0,1,0,0,1
68,-1.4657319095711616,-0.977252353504585,-0.4888542575852486,1,1,4,2,0,0,1,0,0,1
69,-1.461844026521901,-0.2846631968415396,-0.47400492578514347,0,0,2,0,0,0,1,0,0,1
70,-1.4579561434726407,0.17706290760049057,-0.43700743807979686,0,0,0,0,0,1,0,0,0,1
71,-1.4540682604233803,-1.0542067042449232,0.2958951755118318,0,1,5,2,0,0,1,0,0,1
72,-1.45018037737412,-0.6694349505432314,0.8314778546749452,0,0,0,0,0,1,0,0,0,1
73,-1.4462924943248596,-0.2846631968415396,-0.3573908580066095,0,0,1,0,0,0,1,1,0,0
74,-1.4424046112755993,0.17706290760049057,0.48910360681684706,1,0,0,0,0,0,1,0,0,1
75,-1.438516728226339,-0.361617547581878,-0.494391296561559,0,0,0,0,0,0,1,0,0,1
76,-1.4346288451770786,0.0,-0.4894421904510968,0,0,0,0,0,0,1,0,0,1
77,-1.4307409621278182,0.0,-0.4863374216869257,0,0,0,0,0,0,1,0,0,1
78,-1.4268530790785579,-2.2216042049758564,-0.06451572512800753,1,0,0,2,0,1,0,0,0,1
79,-1.4229651960292975,0.02315420611981384,-0.397241430886295,1,1,0,0,0,0,1,0,0,1
80,-1.419077312980037,-0.5924805998028931,-0.46720946885967163,0,0,0,0,0,0,1,0,0,1
81,-1.4151894299307766,-0.05380014462052453,-0.45714212526638004,1,0,0,0,0,0,1,0,0,1
82,-1.4113015468815162,0.0,-0.49162277707340374,1,1,0,0,0,0,1,0,1,0
83,-1.4074136638322559,-0.1307544953608629,0.29992211294914856,0,0,0,0,1,0,0,0,0,1
84,-1.4035257807829955,-0.977252353504585,-0.43700743807979686,1,1,0,0,0,1,0,0,0,1
85,-1.3996378977337351,0.25401725834082894,-0.32928686163157667,1,1,3,0,0,0,1,0,0,1
86,-1.3957500146844748,-1.0542067042449232,0.04370821849987721,0,0,1,3,0,0,1,0,0,1
87,-1.3918621316352144,0.0,-0.4863374216869257,0,0,0,0,0,0,1,0,0,1
88,-1.387974248585954,-0.5155262490625547,4.647001076532463,1,1,3,2,1,0,0,0,0,1
89,-1.3840863655366937,-0.4385718983222164,-0.4863374216869257,0,0,0,0,0,0,1,0,0,1
90,-1.3801984824874334,-0.05380014462052453,-0.4863374216869257,0,0,0,0,0,0,1,0,0,1
91,-1.3763105994381728,-0.7463893012835698,-0.4902797934380587,0,0,0,0,0,0,1,0,0,1
92,-1.3724227163889124,1.2544238179652276,0.5833178351003071,0,0,1,0,1,0,0,0,0,1
93,-1.368534833339652,-0.2846631968415396,-0.23415046467497105,0,0,1,2,0,0,1,0,0,1
94,-1.3646469502903917,2.2548303775896263,-0.5024451714361923,0,0,0,0,0,0,1,0,0,1
95,-1.3607590672411314,0.0,-0.4863374216869257,0,0,0,0,0,0,1,0,0,1
96,-1.356871184191871,3.1782825864736868,0.0493298231623713,0,0,0,0,1,0,0,1,0,0
97,-1.3529833011426107,-0.5155262490625547,0.6272778976347743,1,0,0,1,1,0,0,1,0,0
98,-1.3490954180933503,0.3309716090811673,-0.18532384824750675,1,1,0,1,0,1,0,0,0,1
99,-1.34520753504409,0.3309716090811673,-0.12491978668775715,0,0,1,0,0,1,0,0,0,1
100,-1.3413196519948296,-0.1307544953608629,-0.4894421904510968,0,1,0,0,0,0,1,0,0,1
101,-1.337431768945569,0.0,-0.4894421904510968,0,0,0,0,0,0,1,0,0,1
102,-1.3335438858963087,-0.6694349505432314,0.907737982394129,0,0,0,1,1,0,0,0,0,1
103,-1.3296560028470483,0.25401725834082894,-0.4741720436887921,0,0,0,0,0,0,1,0,0,1
104,-1.325768119797788,0.5618346613021824,-0.4888542575852486,0,0,2,0,0,0,1,0,0,1
105,-1.3218802367485276,-0.1307544953608629,-0.4894421904510968,0,0,0,0,0,0,1,0,0,1
106,-1.3179923536992673,-0.6694349505432314,-0.494391296561559,1,1,0,0,0,0,1,0,0,1
107,-1.314104470650007,0.0,-0.4918744606632361,1,0,0,0,0,0,1,0,0,1
108,-1.3102165876007466,0.6387890120425208,-0.4894421904510968,0,0,0,0,0,0,1,0,0,1
109,-1.3063287045514862,0.0,-0.1621689579829361,1,1,1,0,0,0,1,0,1,0
110,-1.3024408215022258,1.3313781687055661,0.39858208016340624,0,0,0,0,1,0,0,0,0,1
111,-1.2985529384529655,-1.169638230355431,-0.3573908580066095,0,1,1,0,0,0,1,1,0,0
112,-1.294665055403705,-0.5924805998028931,-0.4863374216869257,0,0,0,0,0,0,1,0,0,1
113,-1.2907771723544446,-0.7463893012835698,-0.4505983519307405,0,1,1,0,0,0,1,0,0,1
114,-1.2868892893051842,-0.977252353504585,-0.3573083057891445,0,1,0,0,0,0,1,1,0,0
115,-1.2830014062559238,-0.6694349505432314,-0.4888542575852486,0,0,0,0,0,0,1,0,0,1
116,-1.2791135232066635,3.139805411103518,-0.49237782784290063,0,0,0,0,0,0,1,0,1,0
117,-1.2752256401574031,-0.05380014462052453,-0.22559322262067316,0,0,1,0,0,1,0,0,0,1
118,-1.2713377571081428,-0.4385718983222164,4.335332226633905,0,0,0,1,1,0,0,1,0,0
119,-1.2674498740588824,-2.1315676146096605,-0.01870931177853076,0,1,4,2,0,0,1,0,0,1
120,-1.263561991009622,-0.6694349505432314,0.8314778546749452,0,0,2,0,0,1,0,0,0,1
121,-1.2596741079603617,0.0,-0.4863374216869257,0,0,0,0,0,0,1,0,0,1
122,-1.2557862249111011,0.21554008297065974,-0.04295550208861426,0,0,1,0,0,1,0,1,0,0
123,-1.2518983418618408,0.21554008297065974,-0.3866707201133388,1,1,0,0,0,1,0,0,0,1
124,-1.2480104588125804,1.8700586238879346,0.907737982394129,0,0,0,1,1,0,0,0,0,1
125,-1.24412257576332,-1.3620241072062766,-0.42207354059350805,1,0,1,0,0,0,1,1,0,0
126,-1.2402346927140597,0.0,-0.49237782784290063,0,0,0,0,0,0,1,0,1,0
127,-1.2363468096647994,-0.4385718983222164,-0.5046257580584992,1,0,0,0,0,0,1,0,0,1
128,-1.232458926615539,0.0,-0.19824427701513722,1,1,1,1,0,0,1,1,0,0
129,-1.2285710435662787,1.1774694672248893,-0.5079822104125026,0,0,0,0,0,0,1,0,0,1
130,-1.2246831605170183,0.25401725834082894,-0.4894421904510968,0,0,0,0,0,0,1,1,0,0
131,-1.220795277467758,-0.7463893012835698,-0.5064721088735089,0,0,0,0,0,0,1,0,0,1
132,-1.2169073944184976,1.3313781687055661,-0.35646868933346404,0,1,1,0,0,0,1,0,0,1
133,-1.213019511369237,-0.05380014462052453,-0.12491978668775715,1,1,1,0,0,1,0,0,0,1
134,-1.2091316283199767,-0.361617547581878,-0.3866707201133388,0,0,0,0,0,1,0,0,0,1
135,-1.2052437452707163,-0.5155262490625547,-0.3454791770670269,0,0,0,0,0,1,0,1,0,0
136,-1.201355862221456,-0.8233436520239081,-0.11921562980779811,1,1,0,2,1,0,0,0,0,1
137,-1.1974679791721956,0.5618346613021824,0.4207302360686478,0,0,1,0,1,0,0,0,0,1
138,-1.1935800961229353,-1.0542067042449232,-0.4628462821463391,0,0,0,0,0,0,1,0,0,1
139,-1.189692213073675,-0.4385718983222164,0.9462455716384695,0,0,0,0,1,0,0,1,0,0
140,-1.1858043300244145,0.0,-0.3414522396297103,0,1,0,2,0,0,1,1,0,0
141,-1.1819164469751542,-0.5924805998028931,-0.49237782784290063,1,1,0,0,0,0,1,0,0,1
142,-1.1780285639258938,-0.4385718983222164,-0.32928686163157667,1,1,1,0,0,0,1,0,0,1
143,-1.1741406808766333,-0.8233436520239081,-0.5125125150294839,0,0,0,0,0,0,1,0,1,0
144,-1.170252797827373,-0.9002980027642465,-0.41687275089321363,0,0,0,0,0,1,0,0,0,1
145,-1.1663649147781125,-0.8233436520239081,0.09152810056801232,0,0,1,1,0,1,0,0,0,1
146,-1.1624770317288522,-0.20770884610120124,-0.49145565916975514,1,0,0,0,0,0,1,0,0,1
147,-1.1585891486795918,-1.5928871594272918,0.04370821849987721,0,1,2,2,0,0,1,0,0,1
148,-1.1547012656303315,0.5233574859320133,-0.12491978668775715,0,0,0,2,0,1,0,0,0,1
149,-1.1508133825810711,0.9466064150038742,-0.3866707201133388,0,0,0,0,0,1,0,0,0,1
150,-1.1469254995318108,1.6391955716669195,-0.39623469652696586,0,0,0,0,0,1,0,0,0,1
151,-1.1430376164825504,-0.5924805998028931,0.6925485130875209,1,1,1,0,1,0,0,0,0,1
152,-1.13914973343329,1.985490149998442,-0.4863374216869257,0,0,0,0,0,0,1,0,0,1
153,-1.1352618503840297,0.8311748888933667,-0.35646868933346404,0,0,0,2,0,0,1,0,0,1
154,-1.1313739673347691,0.0,-0.5011867534870308,0,0,0,0,0,0,1,0,0,1
155,-1.1274860842855088,1.6391955716669195,0.5874293382238074,0,0,0,1,1,0,0,1,0,0
156,-1.1235982012362484,-1.0542067042449232,-0.49271407711891657,1,1,0,0,0,0,1,0,1,0
157,-1.119710318186988,0.02315420611981384,-0.4863374216869257,0,0,0,0,0,0,1,0,0,1
158,-1.1158224351377277,0.0,-0.47400492578514347,0,0,0,0,0,0,1,0,0,1
159,-1.1119345520884674,0.0,0.7519458402879414,0,0,8,2,0,0,1,0,0,1
160,-1.108046669039207,1.100515116484551,-0.32425318983493084,0,0,0,1,0,0,1,0,0,1
161,-1.1041587859899467,0.7926977135231975,-0.331300330350235,1,1,0,0,0,1,0,0,0,1
162,-1.1002709029406863,-0.2846631968415396,-0.4918744606632361,0,0,0,0,0,0,1,0,0,1
163,-1.096383019891426,-0.977252353504585,-0.47400492578514347,0,0,0,0,0,0,1,0,0,1
164,-1.0924951368421656,-2.208521965349999,0.1506737441786005,0,0,4,1,0,0,1,0,0,1
165,-1.088607253792905,-1.5928871594272918,-0.2351571990343002,1,0,0,2,0,0,1,0,0,1
166,-1.0847193707436447,0.0,0.4589861417231558,1,1,0,1,1,0,0,0,0,1
167,-1.0808314876943843,1.1774694672248893,-0.08666388103324908,0,1,1,4,0,0,1,0,0,1
168,-1.076943604645124,0.0,-0.12642988822675086,0,0,0,0,1,0,0,0,0,1
169,-1.0730557215958636,-0.1307544953608629,0.48910360681684706,0,0,0,0,0,0,1,0,0,1
170,-1.0691678385466032,2.4087390790703034,0.026090367211616904,0,0,0,0,1,0,0,0,0,1
171,-1.065279955497343,-1.9776589131289837,-0.06199888922968463,0,0,4,1,0,0,1,0,1,0
172,-1.0613920724480825,-2.208521965349999,-0.4242561406845337,1,1,1,1,0,0,1,0,0,1
173,-1.0575041893988222,-0.6694349505432314,-0.4888542575852486,0,0,0,0,0,0,1,0,0,1
174,-1.0536163063495618,2.0239673253686115,-0.030371322596999754,0,0,0,0,1,0,0,1,0,0
175,-1.0497284233003012,-0.9002980027642465,-0.4902797934380587,0,0,1,1,0,0,1,0,0,1
176,-1.045840540251041,0.0,-0.13565761536436197,0,0,3,1,0,0,1,0,0,1
177,-1.0419526572017805,1.5622412209265812,-0.07030444769415023,0,1,0,0,1,0,0,1,0,0
178,-1.0380647741525202,0.02315420611981384,-0.3866707201133388,0,0,0,0,0,1,0,0,0,1
179,-1.0341768911032598,0.48488031056184405,-0.6484216535389205,0,0,0,0,0,0,1,0,0,1
180,-1.0302890080539995,0.0,0.7519458402879414,0,1,8,2,0,0,1,0,0,1
181,-1.0264011250047391,0.0,-0.34539461138084326,0,0,0,0,0,1,0,1,0,0
182,-1.0225132419554788,-1.5928871594272918,-0.016444159470040135,0,0,4,2,0,0,1,0,0,1
183,-1.0186253589062184,-2.208521965349999,0.13683114673782454,1,0,2,1,0,1,0,0,0,1
184,-1.014737475856958,-1.9776589131289837,-0.20495516825442542,1,1,0,2,0,0,1,0,0,1
185,-1.0108495928076977,0.0,0.3583127057902398,0,0,0,0,1,0,0,0,0,1
186,-1.0069617097584371,0.0,-0.3363340021468808,1,1,1,0,0,0,1,0,1,0
187,-1.0030738267091768,1.1774694672248893,-0.11384570873513637,1,0,0,0,1,0,0,0,0,1
188,-0.9991859436599165,0.7926977135231975,-0.3363340021468808,0,0,1,1,0,0,1,0,1,0
189,-0.9952980606106561,0.48488031056184405,-0.4894421904510968,0,0,0,0,0,0,1,0,0,1
190,-0.9914101775613957,0.17706290760049057,-0.3866707201133388,1,1,0,0,0,1,0,0,0,1
191,-0.9875222945121354,-0.8233436520239081,-0.3866707201133388,0,0,0,0,0,1,0,0,0,1
192,-0.983634411462875,-0.8233436520239081,-0.4902797934380587,1,1,1,0,0,0,1,0,0,1
193,-0.9797465284136146,-2.054613263869322,-0.12491978668775715,1,0,1,1,0,1,0,0,0,1
194,-0.9758586453643542,1.100515116484551,-0.09027201697708476,1,1,0,0,1,0,0,1,0,0
195,-0.9719707623150938,2.177876026849288,2.301728820789,1,1,0,0,1,0,0,1,0,0
196,-0.9680828792658335,0.0,-0.49237782784290063,0,0,0,0,0,0,1,0,1,0
197,-0.9641949962165731,0.9466064150038742,-0.47920571548543794,0,0,0,1,0,0,1,0,0,1
198,-0.9603071131673128,0.0,-0.49237782784290063,1,1,0,0,0,0,1,0,1,0
199,-0.9564192301180523,-0.4385718983222164,-0.3866707201133388,0,1,0,0,0,1,0,0,0,1
200,-0.952531347068792,-0.1307544953608629,-0.45714212526638004,0,0,0,0,0,0,1,0,0,1
201,-0.9486434640195316,0.0,0.7519458402879414,0,0,8,2,0,0,1,0,0,1
202,-0.9447555809702712,0.3309716090811673,-0.5176307525123133,0,0,0,0,0,0,1,0,0,1
203,-0.9408676979210109,1.2159466425950585,-0.5029485386158568,0,0,0,0,0,0,1,1,0,0
204,-0.9369798148717504,-0.9002980027642465,-0.4863374216869257,1,0,0,0,0,0,1,0,0,1
205,-0.9330919318224901,-2.1315676146096605,-0.43776248884929375,0,1,0,1,0,0,1,0,0,1
206,-0.9292040487732297,0.17706290760049057,-0.32928686163157667,0,0,1,0,0,0,1,0,0,1
207,-0.9253161657239694,-0.2846631968415396,-0.2701412180209885,1,0,0,0,0,0,1,1,0,0
208,-0.921428282674709,-1.0542067042449232,-0.49237782784290063,1,1,0,0,0,0,1,0,1,0
209,-0.9175403996254486,0.7926977135231975,-0.024246350754841113,1,0,0,0,1,0,0,1,0,0
210,-0.9136525165761882,-0.4385718983222164,-0.5064721088735089,0,0,0,0,0,0,1,0,0,1
211,-0.9097646335269278,0.40792595982150565,-0.22559322262067316,1,1,0,0,0,1,0,0,0,1
212,-0.9058767504776675,-0.5924805998028931,-0.5024451714361923,0,0,0,0,0,0,1,0,0,1
213,-0.9019888674284071,0.02315420611981384,-0.3866707201133388,0,0,0,0,0,1,0,0,0,1
214,-0.8981009843791468,0.0,-0.49237782784290063,0,0,1,0,0,0,1,0,1,0
215,-0.8942131013298863,0.1001085568601522,1.6323350375212924,1,1,1,0,1,0,0,1,0,0
216,-0.8903252182806259,-0.20770884610120124,-0.4888542575852486,1,1,0,0,0,0,1,0,0,1
217,-0.8864373352313656,0.9466064150038742,-0.10478509950117394,0,0,1,0,0,1,0,0,0,1
218,-0.8825494521821052,0.17706290760049057,0.8876878608937296,1,1,0,0,1,0,0,1,0,0
219,-0.8786615691328449,0.02315420611981384,-0.43700743807979686,0,0,0,0,0,1,0,0,0,1
220,-0.8747736860835844,-1.0542067042449232,-0.4863374216869257,1,0,0,0,0,0,1,0,0,1
221,-0.8708858030343241,-0.20770884610120124,-0.3866707201133388,0,0,0,0,0,1,0,0,0,1
222,-0.8669979199850637,1.6391955716669195,-0.4863374216869257,0,0,0,0,0,0,1,0,0,1
223,-0.8631100369358033,0.0,-0.4894421904510968,0,0,0,0,0,0,1,0,0,1
224,-0.859222153886543,0.6387890120425208,1.163700193253568,1,0,1,0,1,0,0,0,0,1
225,-0.8553342708372826,-0.5924805998028931,-0.4601623283443675,0,0,0,0,0,0,1,0,0,1
226,-0.8514463877880222,-0.8233436520239081,-0.43700743807979686,1,0,0,0,0,1,0,0,0,1
227,-0.8475585047387618,-0.7079121259134006,-0.5024451714361923,0,0,0,0,0,0,1,0,0,1
228,-0.8436706216895015,-0.9002980027642465,-0.3866707201133388,0,0,0,0,0,1,0,0,0,1
229,-0.8397827386402411,0.0,-0.13565761536436197,0,1,3,1,0,0,1,0,0,1
230,-0.8358948555909808,0.40792595982150565,1.0323213593611125,1,1,1,0,1,0,0,0,0,1
231,-0.8320069725417203,-0.05380014462052453,-0.4918744606632361,0,0,0,0,0,0,1,0,0,1
232,-0.8281190894924599,2.2548303775896263,-0.3766033765200472,0,0,0,0,0,1,0,0,0,1
233,-0.8242312064431996,-1.9007045623886454,-0.016444159470040135,1,1,4,2,0,0,1,0,0,1
234,-0.8203433233939392,-0.4385718983222164,-0.43700743807979686,0,0,0,0,0,1,0,0,0,1
235,-0.8164554403446789,0.0,-0.49640476528021726,0,1,0,0,0,0,1,0,0,1
236,-0.8125675572954184,1.100515116484551,-0.12491978668775715,0,0,1,0,0,1,0,0,0,1
237,-0.808679674246158,-1.6698415101676303,-0.11988611489111134,1,1,0,2,0,1,0,0,0,1
238,-0.8047917911968977,-0.8233436520239081,-0.43700743807979686,0,0,0,0,0,1,0,0,0,1
239,-0.8009039081476373,0.25401725834082894,-0.4012683683236117,0,0,0,0,0,1,0,0,0,1
240,-0.797016025098377,0.0,-0.3573908580066095,0,1,1,0,0,0,1,1,0,0
241,-0.7931281420491166,0.0,-0.3363340021468808,1,1,1,0,0,0,1,0,1,0
242,-0.7892402589998562,-0.05380014462052453,-0.43700743807979686,0,0,0,0,0,1,0,0,0,1
243,-0.7853523759505958,-0.5924805998028931,-0.5049620073345151,0,0,0,0,0,0,1,0,0,1
244,-0.7814644929013355,0.02315420611981384,-0.5029485386158568,0,0,0,0,0,0,1,1,0,0
245,-0.7775766098520751,1.100515116484551,1.163700193253568,0,0,2,0,1,0,0,0,1,0
246,-0.7736887268028148,-0.361617547581878,-0.4918744606632361,0,1,0,0,0,0,1,0,0,1
247,-0.7698008437535543,-0.4385718983222164,-0.35646868933346404,1,1,0,2,0,1,0,0,0,1
248,-0.7659129607042939,0.5618346613021824,0.40974072380221066,1,0,1,1,1,0,0,0,0,1
249,-0.7620250776550336,1.8700586238879346,-0.12491978668775715,0,0,1,0,0,1,0,0,0,1
250,-0.7581371946057732,0.0,-0.5024451714361923,0,0,0,0,0,0,1,0,0,1
251,-0.7542493115565129,-0.05380014462052453,-0.43776248884929375,0,1,1,1,0,0,1,0,0,1
252,-0.7503614285072524,2.4856934298106417,-0.11384570873513637,0,0,0,0,1,0,0,0,0,1
253,-0.746473545457992,0.02315420611981384,-0.32425318983493084,0,0,1,0,0,0,1,0,0,1
254,-0.7425856624087317,0.8696520642635358,-0.2414492887801075,0,1,0,2,0,0,1,0,0,1
255,-0.7386977793594713,-0.05380014462052453,-0.3414522396297103,1,1,0,2,0,0,1,1,0,0
256,-0.734809896310211,0.0,0.9462455716384695,1,1,0,0,1,0,0,1,0,0
257,-0.7309220132609505,0.02315420611981384,1.093228788100527,1,1,0,0,1,0,0,0,0,1
258,-0.7270341302116902,0.40792595982150565,9.667166525013505,1,1,0,0,1,0,0,1,0,0
259,-0.7231462471624298,1.5622412209265812,-0.12491978668775715,1,1,0,1,0,1,0,0,0,1
260,-0.7192583641131695,0.0,-0.49237782784290063,0,0,0,0,0,0,1,0,1,0
261,-0.7153704810639091,-2.054613263869322,-0.016444159470040135,1,0,4,2,0,0,1,0,0,1
262,-0.7114825980146487,1.7161499224072578,0.955306180872432,0,0,1,1,1,0,0,0,0,1
263,-0.7075947149653883,0.7926977135231975,-0.6484216535389205,0,0,0,0,1,0,0,0,0,1
264,-0.7037068319161279,0.0,-0.49237782784290063,0,1,0,0,0,0,1,0,1,0
265,-0.6998189488668676,0.48488031056184405,-0.43700743807979686,0,0,0,0,0,1,0,0,0,1
266,-0.6959310658176072,-1.0542067042449232,0.1506737441786005,0,0,4,1,0,0,1,0,0,1
267,-0.6920431827683469,-0.361617547581878,-0.4918744606632361,1,0,1,0,0,0,1,0,0,1
268,-0.6881552997190864,2.177876026849288,2.441497778832105,1,1,0,1,1,0,0,0,0,1
269,-0.684267416669826,0.40792595982150565,2.0825124140450755,1,1,0,0,1,0,0,0,0,1
270,-0.6803795336205657,0.0,-0.024246350754841113,0,0,0,0,1,0,0,0,0,1
271,-0.6764916505713053,-0.361617547581878,-0.6484216535389205,1,0,0,0,0,0,1,0,0,1
272,-0.672603767522045,0.8696520642635358,-0.255795253400548,1,1,0,1,0,1,0,0,0,1
273,-0.6687158844727845,0.5618346613021824,-0.05042144409739929,0,0,0,1,1,0,0,1,0,0
274,-0.6648280014235242,0.0,-0.49237782784290063,1,1,0,0,0,0,1,0,1,0
275,-0.6609401183742638,2.56264778055098,0.921244330558889,1,1,1,0,1,0,0,0,0,1
276,-0.6570522353250035,1.1774694672248893,-0.49237782784290063,0,1,0,0,0,0,1,0,0,1
277,-0.6531643522757431,0.0,-0.6484216535389205,0,0,0,0,0,1,0,0,0,1
278,-0.6492764692264827,-1.7467958609079686,-0.06199888922968463,0,0,4,1,0,0,1,0,1,0
279,-0.6453885861772223,0.40792595982150565,-0.24069423801061057,1,1,1,1,0,0,1,0,0,1
280,-0.6415007031279619,2.7165564820316566,-0.49237782784290063,0,0,0,0,0,0,1,0,1,0
281,-0.6376128200787016,-0.1307544953608629,-0.4902797934380587,0,0,0,0,0,0,1,0,0,1
282,-0.6337249370294412,-1.0542067042449232,-0.45714212526638004,0,0,0,0,0,0,1,0,0,1
283,-0.6298370539801809,-0.8233436520239081,-0.4863374216869257,1,0,0,0,0,0,1,0,0,1
284,-0.6259491709309204,0.0,-0.12491978668775715,0,0,0,0,1,0,0,0,0,1
285,-0.62206128788166,0.25401725834082894,-0.47400492578514347,0,0,0,0,0,0,1,1,0,0
286,-0.6181734048323997,0.02315420611981384,-0.45714212526638004,1,0,0,0,0,0,1,0,0,1
287,-0.6142855217831393,-0.5924805998028931,-0.4894421904510968,0,0,0,0,0,0,1,0,0,1
288,-0.610397638733879,0.9466064150038742,-0.3866707201133388,1,0,0,0,0,1,0,0,0,1
289,-0.6065097556846185,-0.5924805998028931,-0.49237782784290063,1,1,0,0,0,0,1,0,1,0
290,-0.6026218726353582,-0.2846631968415396,0.9391984311231651,1,1,0,0,1,0,0,0,0,1
291,-0.5987339895860978,-0.8233436520239081,1.1854295476653287,1,1,1,0,1,0,0,1,0,0
292,-0.5948461065368374,0.48488031056184405,-0.3891875560116617,0,0,0,0,0,1,0,1,0,0
293,-0.5909582234875771,-0.4385718983222164,-0.4702296719376591,0,1,0,0,0,0,1,0,0,1
294,-0.5870703404383166,-0.4385718983222164,-0.4894421904510968,0,0,0,0,0,0,1,0,0,1
295,-0.5831824573890563,0.0,-0.09027201697708476,0,0,0,0,1,0,0,1,0,0
296,-0.5792945743397959,-0.47704907369238553,-0.5028639729296732,0,0,0,0,0,0,1,1,0,0
297,-0.5754066912905356,-2.1315676146096605,2.4029901895877646,0,1,1,2,1,0,0,0,0,1
298,-0.5715188082412752,0.0,-0.034313694348132716,1,0,0,0,1,0,0,0,0,1
299,-0.5676309251920149,1.5622412209265812,4.335332226633905,1,1,0,1,1,0,0,1,0,0
300,-0.5637430421427544,0.0,-0.49237782784290063,1,1,0,0,0,0,1,0,1,0
301,-0.559855159093494,0.0,-0.18029017645086096,1,0,2,0,0,0,1,0,1,0
302,-0.5559672760442337,-0.8233436520239081,-0.6484216535389205,0,0,0,0,0,0,1,0,0,1
303,-0.5520793929949733,0.0,-0.3997582667846179,1,1,0,0,0,1,0,0,1,0
304,-0.548191509945713,0.0,-0.4863374216869257,0,0,0,0,0,0,1,0,0,1
305,-0.5443036268964525,-2.214678313409226,2.4029901895877646,1,0,1,2,1,0,0,0,0,1
306,-0.5404157438471922,0.0,1.5841789061771412,1,1,0,0,1,0,0,1,0,0
307,-0.5365278607979318,-0.977252353504585,1.5442457810799908,1,1,1,0,1,0,0,1,0,0
308,-0.5326399777486714,0.02315420611981384,-0.16518916106092355,0,0,1,0,0,1,0,1,0,0
309,-0.5287520946994111,0.02315420611981384,0.49782998024351216,1,1,0,0,1,0,0,1,0,0
310,-0.5248642116501506,-0.4385718983222164,1.0259447039291216,1,1,0,0,1,0,0,1,0,0
311,-0.5209763286008903,-0.9002980027642465,4.634416897040849,1,1,2,2,1,0,0,1,0,0
312,-0.5170884455516299,-0.2846631968415396,-0.12491978668775715,0,1,1,1,0,1,0,0,0,1
313,-0.5132005625023696,-0.1307544953608629,-0.4894421904510968,0,0,0,0,0,0,1,0,0,1
314,-0.5093126794531092,1.0235607657442125,-0.11988611489111134,0,0,1,1,0,1,0,0,0,1
315,-0.5054247964038489,-0.2846631968415396,-0.4902797934380587,1,1,0,0,0,0,1,0,0,1
316,-0.5015369133545884,-0.4385718983222164,-0.12491978668775715,1,1,1,0,0,1,0,0,0,1
317,-0.49764903030532803,1.8700586238879346,-0.36653603292675563,0,0,0,0,0,1,0,0,0,1
318,-0.4937611472560677,0.1001085568601522,2.671117778445337,1,1,0,2,1,0,0,0,0,1
319,-0.4898732642068073,0.7926977135231975,2.059693773056521,1,1,1,1,1,0,0,1,0,0
320,-0.4859853811575469,-0.5924805998028931,-0.5024451714361923,0,0,0,0,0,0,1,0,0,1
321,-0.48209749810828656,-0.20770884610120124,-0.4894421904510968,0,0,0,0,0,0,1,0,0,1
322,-0.47820961505902615,0.02315420611981384,-0.3997582667846179,1,1,0,0,0,1,0,0,1,0
323,-0.4743217320097658,-0.5924805998028931,-0.06451572512800753,1,1,1,1,0,1,0,0,0,1
324,-0.47043384896050544,0.0,0.7519458402879414,0,0,8,2,0,0,1,0,0,1
325,-0.46654596591124503,0.48488031056184405,2.0825124140450755,1,1,0,0,1,0,0,1,0,0
326,-0.4626580828619847,2.4087390790703034,-0.5228315422126077,0,0,0,0,0,0,1,0,0,1
327,-0.4587701998127243,0.48488031056184405,-0.3866707201133388,1,1,0,0,0,1,0,0,0,1
328,-0.4548823167634639,0.1001085568601522,-0.2351571990343002,1,1,1,1,0,0,1,0,0,1
329,-0.45099443371420356,-1.0542067042449232,0.5189714017894245,1,1,0,1,1,0,0,1,0,0
330,-0.44710655066494315,0.0,-0.18029017645086096,1,1,2,0,0,0,1,0,1,0
331,-0.4432186676156828,1.2159466425950585,-0.07458306872129913,0,0,0,0,1,0,0,0,0,1
332,-0.43933078456642244,0.6387890120425208,2.441497778832105,0,0,0,1,1,0,0,0,0,1
333,-0.43544290151716203,-1.0542067042449232,-0.2859972841804228,0,0,2,0,0,0,1,0,0,1
334,-0.4315550184679017,0.0,2.042579288947925,1,1,1,0,1,0,0,0,0,1
335,-0.4276671354186413,0.0,-0.4894421904510968,0,0,0,0,0,0,1,0,0,1
336,-0.4237792523693809,-0.05380014462052453,0.6925485130875209,0,0,1,0,1,0,0,0,0,1
337,-0.41989136932012056,0.8696520642635358,2.059693773056521,1,1,0,0,1,0,0,1,0,0
338,-0.41600348627086015,1.1774694672248893,-0.4863374216869257,1,0,0,0,0,0,1,0,0,1
339,-0.4121156032215998,1.1774694672248893,0.06635974158478332,0,0,0,0,1,0,0,0,0,1
340,-0.40822772017233944,-2.1315676146096605,-0.12491978668775715,1,0,1,1,0,1,0,0,0,1
341,-0.404339837123079,-0.4385718983222164,4.647001076532463,1,1,3,2,1,0,0,0,0,1
342,-0.4004519540738187,-0.1307544953608629,-0.3866707201133388,0,0,0,0,0,1,0,0,0,1
343,-0.3965640710245583,-0.361617547581878,-0.3866707201133388,0,0,0,0,0,1,0,0,0,1
344,-0.3926761879752979,0.48488031056184405,-0.3866707201133388,0,0,0,0,0,1,0,0,0,1
345,-0.38878830492603755,-0.4385718983222164,-0.3866707201133388,1,1,0,0,0,1,0,0,0,1
346,-0.38490042187677714,0.7926977135231975,-0.3866707201133388,1,1,0,0,0,1,0,0,0,1
347,-0.3810125388275168,0.0,-0.32425318983493084,1,1,1,0,0,0,1,0,0,1
348,-0.37712465577825643,-2.054613263869322,-0.32828012727224753,1,0,1,1,0,0,1,0,0,1
349,-0.373236772728996,0.9466064150038742,-0.47400492578514347,0,0,0,0,0,0,1,0,0,1
350,-0.36934888967973567,-0.5155262490625547,-0.4626791642426904,0,0,0,0,0,0,1,0,0,1
351,-0.36546100663047526,0.0,0.05629239799149171,0,0,0,0,1,0,0,0,0,1
352,-0.3615731235812149,-1.1311610549852615,-0.5028639729296732,0,0,1,1,0,0,1,1,0,0
353,-0.35768524053195455,-0.361617547581878,-0.29002422161773944,0,0,1,0,0,0,1,0,0,1
354,-0.35379735748269414,0.0,-0.5029485386158568,0,0,0,0,0,0,1,1,0,0
355,-0.3499094744334338,-0.1307544953608629,-0.45714212526638004,0,0,0,0,0,0,1,0,0,1
356,-0.34602159138417343,-0.5924805998028931,0.4589861417231558,1,1,0,1,1,0,0,0,0,1
357,-0.342133708334913,0.6387890120425208,-0.3866707201133388,0,1,0,0,0,1,0,0,0,1
358,-0.33824582528565267,0.0,-0.48977642625839407,1,1,0,0,0,0,1,0,1,0
359,-0.33435794223639226,0.0,-0.48977642625839407,1,1,0,0,0,0,1,0,1,0
360,-0.3304700591871319,0.7926977135231975,-0.08666388103324908,0,0,1,4,0,0,1,0,0,1
361,-0.32658217613787155,-0.05380014462052453,-0.09027201697708476,0,0,1,0,0,1,0,1,0,0
362,-0.32269429308861114,1.1774694672248893,-0.3573908580066095,0,1,0,1,0,0,1,1,0,0
363,-0.3188064100393508,0.40792595982150565,-0.5064721088735089,0,0,0,0,0,0,1,0,0,1
364,-0.31491852699009043,0.0,-0.3363340021468808,0,0,1,0,0,0,1,0,1,0
365,-0.31103064394083,0.02315420611981384,-0.5024451714361923,0,0,0,0,0,0,1,0,0,1
366,-0.30714276089156967,2.3317847283299646,0.8667135572514657,1,1,1,0,1,0,0,1,0,0
367,-0.30325487784230926,0.0,-0.5028639729296732,1,1,0,0,0,0,1,1,0,0
368,-0.2993669947930489,0.0,-0.49237782784290063,1,1,0,0,0,0,1,0,1,0
369,-0.29547911174378855,-0.4385718983222164,0.7469121684912956,1,1,0,0,1,0,0,1,0,0
370,-0.29159122869452814,-0.361617547581878,0.4678796330534696,1,0,1,0,1,0,0,1,0,0
371,-0.2877033456452678,-0.9002980027642465,-0.5176307525123133,0,0,1,0,0,0,1,0,0,1
372,-0.28381546259600743,-0.8233436520239081,-0.4863374216869257,0,0,0,0,0,0,1,0,0,1
373,-0.279927579546747,-0.5924805998028931,2.0825124140450755,0,0,0,0,1,0,0,1,0,0
374,-0.27603969649748666,-2.054613263869322,-0.22408312108167944,0,1,3,1,0,0,1,0,0,1
375,-0.27215181344822625,0.0,1.0060617003323709,1,1,1,0,1,0,0,1,0,0
376,-0.2682639303989659,-0.5924805998028931,-0.5024451714361923,1,1,0,0,0,0,1,0,0,1
377,-0.26437604734970555,-0.20770884610120124,3.610064686423428,0,0,0,2,1,0,0,1,0,0
378,-0.26048816430044514,-0.7463893012835698,-0.5676312212027554,0,0,0,0,0,0,1,1,0,0
379,-0.2566002812511848,-0.8233436520239081,-0.4918744606632361,0,0,0,0,0,0,1,0,0,1
380,-0.2527123982019244,0.9466064150038742,3.9327230485884233,1,1,0,0,1,0,0,1,0,0
381,-0.24882451515266402,-2.208521965349999,-0.33146744825388363,1,1,0,2,0,0,1,1,0,0
382,-0.24493663210340366,0.17706290760049057,-0.4888542575852486,0,0,0,0,0,0,1,0,0,1
383,-0.24104874905414328,0.40792595982150565,0.39858208016340624,1,1,1,0,1,0,0,0,0,1
384,-0.2371608660048829,0.0,-0.4894421904510968,0,0,0,0,0,0,1,0,0,1
385,-0.23327298295562252,-0.9002980027642465,0.8314778546749452,0,0,0,0,0,1,0,0,0,1
386,-0.22938509990636216,-2.208521965349999,0.2958951755118318,0,0,5,2,0,0,1,0,0,1
387,-0.22549721685710178,0.48488031056184405,-0.3866707201133388,1,1,0,0,0,1,0,0,0,1
388,-0.2216093338078414,0.0,-0.49279662933638163,0,0,0,0,0,0,1,0,1,0
389,-0.21772145075858101,-0.977252353504585,-0.40680540729992204,1,1,0,0,0,1,0,1,0,0
390,-0.21383356770932066,0.48488031056184405,1.7677408088510642,1,0,1,2,1,0,0,0,0,1
391,-0.20994568466006028,-0.6694349505432314,-0.49145565916975514,1,0,0,0,0,0,1,0,0,1
392,-0.2060578016107999,-0.1307544953608629,-0.4888542575852486,0,0,2,0,0,0,1,0,0,1
393,-0.2021699185615395,-0.5155262490625547,1.6323350375212924,1,1,1,0,1,0,0,1,0,0
394,-0.19828203551227916,-0.4385718983222164,-0.312172377522981,1,1,0,2,0,0,1,0,0,1
395,-0.19439415246301878,-0.5924805998028931,-0.49145565916975514,0,0,0,0,0,0,1,0,0,1
396,-0.1905062694137584,0.1001085568601522,-0.4902797934380587,0,1,0,0,0,0,1,0,0,1
397,-0.186618386364498,1.2544238179652276,-0.12491978668775715,0,0,0,0,0,1,0,0,0,1
398,-0.18273050331523763,-0.5155262490625547,-0.43700743807979686,0,0,0,0,0,1,0,0,0,1
399,-0.17884262026597728,-0.1307544953608629,-0.393717860628643,1,1,0,0,0,1,0,0,0,1
400,-0.1749547372167169,0.7157433627828591,-0.4888542575852486,1,0,0,0,0,0,1,0,0,1
401,-0.1710668541674565,-0.2846631968415396,-0.4863374216869257,0,0,0,0,0,0,1,0,0,1
402,-0.16717897111819613,-0.6694349505432314,-0.4505983519307405,0,1,1,0,0,0,1,0,0,1
403,-0.16329108806893577,-0.1307544953608629,-0.32928686163157667,0,0,1,0,0,0,1,0,0,1
404,-0.1594032050196754,-0.7463893012835698,-0.47400492578514347,0,1,0,0,0,0,1,0,0,1
405,-0.155515321970415,0.3309716090811673,-0.22559322262067316,0,0,1,0,0,1,0,0,0,1
406,-0.15162743892115463,1.6391955716669195,-0.49237782784290063,0,0,0,0,0,0,1,0,0,1
407,-0.14773955587189427,-2.054613263869322,-0.2708962687904854,1,0,1,1,0,1,0,0,0,1
408,-0.1438516728226339,-0.6694349505432314,-0.4918744606632361,0,0,0,0,0,0,1,0,0,1
409,-0.1399637897733735,0.0,-0.13565761536436197,0,1,3,1,0,0,1,0,0,1
410,-0.13607590672411313,0.0,-0.4894421904510968,0,0,0,0,0,0,1,0,0,1
411,-0.13218802367485277,0.0,-0.5103319284071769,0,0,0,0,0,0,1,0,1,0
412,-0.1283001406255924,0.25401725834082894,1.163700193253568,1,1,1,0,1,0,0,0,1,0
413,-0.12441225757633201,0.0,-0.6484216535389205,0,0,0,0,0,1,0,0,0,1
414,-0.12052437452707164,1.100515116484551,-0.4888542575852486,1,0,0,0,0,0,1,0,0,1
415,-0.11663649147781126,0.0,-0.4863374216869257,0,1,0,0,0,0,1,0,0,1
416,-0.11274860842855089,0.3309716090811673,0.005955680025033696,1,1,1,1,0,1,0,0,0,1
417,-0.10886072537929051,-0.9002980027642465,-0.3866707201133388,1,1,0,2,0,1,0,0,0,1
418,-0.10497284233003014,0.02315420611981384,-0.3866707201133388,0,0,0,0,0,1,0,0,0,1
419,-0.10108495928076976,-1.5159328086869535,-0.1621689579829361,0,1,0,2,0,0,1,0,0,1
420,-0.09719707623150939,0.0,-0.4894421904510968,0,0,0,0,0,0,1,1,0,0
421,-0.093309193182249,-0.6694349505432314,-0.49271407711891657,0,0,0,0,0,0,1,0,1,0
422,-0.08942131013298864,-0.05380014462052453,-0.4898609919445778,0,0,0,0,0,0,1,0,0,1
423,-0.08553342708372826,-0.1307544953608629,-0.35848215805212236,0,1,1,1,0,0,1,0,0,1
424,-0.08164554403446789,-0.9002980027642465,-0.2414492887801075,0,0,1,1,0,0,1,0,0,1
425,-0.0777576609852075,0.0,-0.5024451714361923,0,0,0,0,0,0,1,0,0,1
426,-0.07386977793594714,-0.1307544953608629,-0.12491978668775715,1,1,1,0,0,1,0,0,0,1
427,-0.06998189488668675,-0.8233436520239081,-0.12491978668775715,1,1,0,0,0,1,0,0,0,1
428,-0.06609401183742639,0.0,-0.49237782784290063,0,0,0,0,0,0,1,0,1,0
429,-0.062206128788166004,0.17706290760049057,-0.4863374216869257,1,0,0,0,0,0,1,0,0,1
430,-0.05831824573890563,-0.1307544953608629,-0.11384570873513637,1,0,0,0,1,0,0,0,0,1
431,-0.054430362689645254,0.0,-0.32425318983493084,1,1,1,0,0,0,1,0,0,1
432,-0.05054247964038488,0.9466064150038742,-0.12491978668775715,1,1,1,0,0,1,0,0,0,1
433,-0.0466545965911245,-0.977252353504585,-0.5049620073345151,0,0,0,0,0,0,1,0,0,1
434,-0.04276671354186413,1.5622412209265812,0.4771073601910807,0,0,1,0,1,0,0,0,0,1
435,-0.03887883049260375,-1.2081154057256,1.7677408088510642,1,1,1,2,1,0,0,0,0,1
436,-0.03499094744334338,-0.6694349505432314,0.04370821849987721,0,1,2,2,0,0,1,0,0,1
437,-0.031103064394083002,-0.4385718983222164,-0.2708962687904854,1,1,2,3,0,1,0,0,0,1
438,-0.027215181344822627,2.6396021312913183,4.647001076532463,0,0,1,4,1,0,0,0,0,1
439,-0.02332729829556225,0.1001085568601522,-0.43700743807979686,0,0,0,0,0,1,0,0,0,1
440,-0.019439415246301876,1.1774694672248893,-0.11988611489111134,1,1,1,1,0,1,0,0,0,1
441,-0.015551532197041501,-0.7463893012835698,-0.45714212526638004,0,0,0,0,0,0,1,0,0,1
442,-0.011663649147781126,-0.361617547581878,-0.4918744606632361,0,0,1,0,0,0,1,0,0,1
443,-0.0077757660985207505,-0.1307544953608629,-0.3866707201133388,1,1,0,0,0,1,0,0,0,1
444,-0.0038878830492603753,0.0,-0.48507900373776425,1,0,0,0,0,0,1,0,0,1
445,0.0,-1.9776589131289837,0.9997696105865636,1,0,0,2,1,0,0,0,0,1
446,0.0038878830492603753,-1.2850697564659384,-0.255795253400548,1,1,0,1,0,1,0,0,0,1
447,0.0077757660985207505,0.3309716090811673,-0.11384570873513637,1,0,0,0,1,0,0,0,0,1
448,0.011663649147781126,-1.9007045623886454,-0.26066180729354516,1,1,2,1,0,0,1,1,0,0
449,0.015551532197041501,1.7161499224072578,-0.034313694348132716,1,0,0,0,1,0,0,0,0,1
450,0.019439415246301876,0.48488031056184405,-0.08968408411123653,0,0,1,2,0,1,0,0,0,1
451,0.02332729829556225,0.0,-0.2463983948905696,0,0,1,0,0,0,1,0,0,1
452,0.027215181344822627,0.02315420611981384,-0.08968408411123653,0,0,0,0,1,0,0,1,0,0
453,0.031103064394083002,1.4852868701862427,1.145663540471827,1,0,1,0,1,0,0,1,0,0
454,0.03499094744334338,0.0,-0.4863374216869257,0,0,0,0,0,0,1,0,0,1
455,0.03887883049260375,-0.05380014462052453,-0.4894421904510968,1,0,0,0,0,0,1,1,0,0
456,0.04276671354186413,2.7165564820316566,-0.11384570873513637,0,0,0,0,1,0,0,0,0,1
457,0.0466545965911245,0.0,0.395813560675251,1,1,1,0,1,0,0,0,0,1
458,0.05054247964038488,1.5622412209265812,-0.43700743807979686,1,1,0,0,0,1,0,0,0,1
459,0.054430362689645254,0.0,-0.49237782784290063,0,0,0,0,0,0,1,0,1,0
460,0.05831824573890563,1.4083325194459044,-0.11384570873513637,1,0,0,0,1,0,0,0,0,1
461,0.062206128788166004,0.3309716090811673,-0.4863374216869257,0,0,0,0,0,0,1,0,0,1
462,0.06609401183742639,1.3313781687055661,0.12676380314453292,0,0,0,0,1,0,0,0,0,1
463,0.06998189488668675,1.4083325194459044,-0.3866707201133388,0,0,0,0,0,1,0,0,0,1
464,0.07386977793594714,0.0,-0.4863374216869257,0,0,0,0,0,0,1,0,0,1
465,0.0777576609852075,0.6387890120425208,-0.5064721088735089,0,0,0,0,0,0,1,0,0,1
466,0.08164554403446789,0.0,-0.6484216535389205,0,0,0,0,0,1,0,0,0,1
467,0.08553342708372826,2.0239673253686115,-0.11384570873513637,0,0,0,0,1,0,0,0,0,1
468,0.08942131013298864,0.0,-0.4928811950225652,0,0,0,0,0,0,1,0,1,0
469,0.093309193182249,-2.2277605530350835,-0.26066180729354516,1,1,2,1,0,0,1,1,0,0
470,0.09719707623150939,0.0,-0.5024451714361923,0,0,0,0,0,0,1,0,0,1
471,0.10108495928076976,0.6387890120425208,-0.47400492578514347,0,0,0,0,0,0,1,0,0,1
472,0.10497284233003014,0.25401725834082894,-0.08968408411123653,1,1,1,2,0,1,0,0,0,1
473,0.10886072537929051,-0.5155262490625547,-0.3707300882677209,1,1,0,0,0,1,0,1,0,0
474,0.11274860842855089,-0.5924805998028931,-0.45034666834090825,0,1,0,0,0,0,1,0,0,1
475,0.11663649147781126,0.0,0.39858208016340624,0,0,0,0,1,0,0,0,0,1
476,0.12052437452707164,0.3309716090811673,-0.22559322262067316,0,0,1,0,0,1,0,0,0,1
477,0.12441225757633201,-0.05380014462052453,-0.5065566745596926,0,0,1,0,0,0,1,0,0,1
478,0.1283001406255924,-0.5924805998028931,-0.4969926981460655,0,0,0,0,0,0,1,0,0,1
479,0.13218802367485277,-2.1315676146096605,-0.4010166847337793,1,1,0,1,0,0,1,0,0,1
480,0.13607590672411313,-1.5928871594272918,0.2958951755118318,0,0,5,2,0,0,1,0,0,1
481,0.1399637897733735,0.0,-0.6484216535389205,0,0,0,0,0,1,0,0,0,1
482,0.1438516728226339,1.5622412209265812,-0.4863374216869257,0,0,0,0,0,0,1,0,0,1
483,0.14773955587189427,2.56264778055098,-0.455380340137554,1,1,0,0,0,0,1,0,0,1
484,0.15162743892115463,-0.361617547581878,1.1854295476653287,1,0,1,0,1,0,0,1,0,0
485,0.155515321970415,0.0,-0.13565761536436197,0,1,3,1,0,0,1,0,0,1
486,0.1594032050196754,0.40792595982150565,1.163700193253568,1,1,1,0,1,0,0,0,0,1
487,0.16329108806893577,2.177876026849288,-0.05042144409739929,0,0,0,0,1,0,0,1,0,0
488,0.16717897111819613,0.02315420611981384,-0.4863374216869257,0,0,0,0,0,0,1,0,0,1
489,0.1710668541674565,-1.5928871594272918,-0.32828012727224753,1,0,1,1,0,0,1,0,0,1
490,0.1749547372167169,0.0,-0.2463983948905696,0,0,1,0,0,0,1,0,0,1
491,0.17884262026597728,-0.6694349505432314,-0.5024451714361923,0,0,0,0,0,0,1,0,0,1
492,0.18273050331523763,1.947012974628273,-0.034313694348132716,0,0,0,0,1,0,0,0,0,1
493,0.186618386364498,3.1782825864736868,0.3483299278831318,0,0,0,0,1,0,0,1,0,0
494,0.1905062694137584,-0.6694349505432314,-0.4863374216869257,0,0,0,0,0,0,1,0,0,1
495,0.19439415246301878,0.0,-0.3573083057891445,0,0,0,0,0,0,1,1,0,0
496,0.19828203551227916,1.8700586238879346,0.9274538680872313,1,1,1,0,1,0,0,1,0,0
497,0.2021699185615395,0.0,-0.3443878770215141,0,0,0,0,0,0,1,0,0,1
498,0.2060578016107999,-0.361617547581878,2.4029901895877646,0,1,1,2,1,0,0,0,0,1
499,0.20994568466006028,-0.4385718983222164,-0.49145565916975514,0,0,0,0,0,0,1,0,0,1
500,0.21383356770932066,-0.977252353504585,-0.47400492578514347,0,0,0,0,0,0,1,0,0,1
501,0.21772145075858101,-0.6694349505432314,-0.49237782784290063,0,1,0,0,0,0,1,0,1,0
502,0.2216093338078414,0.0,-0.4948100980550399,0,1,0,0,0,0,1,0,1,0
503,0.22549721685710178,0.5618346613021824,-0.455380340137554,0,1,0,0,0,0,1,0,0,1
504,0.22938509990636216,-1.0542067042449232,1.093228788100527,1,1,0,0,1,0,0,0,0,1
505,0.23327298295562252,-0.9002980027642465,1.5442457810799908,0,0,1,0,1,0,0,1,0,0
506,0.2371608660048829,0.25401725834082894,-0.12491978668775715,1,1,0,2,0,1,0,0,0,1
507,0.24104874905414328,0.0,-0.11384570873513637,1,0,0,0,1,0,0,0,0,1
508,0.24493663210340366,-0.1307544953608629,-0.1948878246611338,0,0,0,0,0,0,1,0,0,1
509,0.24882451515266402,-0.2846631968415396,0.48910360681684706,1,0,0,0,0,0,1,0,0,1
510,0.2527123982019244,-0.05380014462052453,-0.49237782784290063,1,0,0,0,0,0,1,0,1,0
511,0.2566002812511848,0.0,-0.4863374216869257,0,0,0,0,0,0,1,0,0,1
512,0.26048816430044514,0.48488031056184405,-0.11913106412161445,1,0,0,0,1,0,0,0,0,1
513,0.26437604734970555,1.8700586238879346,0.5475787653441219,1,1,1,0,1,0,0,1,0,0
514,0.2682639303989659,-0.4385718983222164,-0.4974960653257301,0,0,0,0,0,0,1,0,0,1
515,0.27215181344822625,1.3313781687055661,0.036576512298389464,0,0,0,0,1,0,0,0,0,1
516,0.27603969649748666,0.3309716090811673,-0.43700743807979686,1,1,0,0,0,1,0,0,0,1
517,0.279927579546747,0.0,-0.1621689579829361,0,0,0,0,0,0,1,0,1,0
518,0.28381546259600743,0.48488031056184405,-0.12491978668775715,1,1,1,0,0,1,0,0,0,1
519,0.2877033456452678,0.17706290760049057,-0.4894421904510968,0,0,0,0,0,0,1,0,0,1
520,0.29159122869452814,0.02315420611981384,1.2341715984066093,1,1,0,0,1,0,0,0,0,1
521,0.29547911174378855,-0.5924805998028931,-0.4894421904510968,0,0,0,0,0,0,1,0,0,1
522,0.2993669947930489,0.0,-0.5029485386158568,0,0,0,0,0,0,1,1,0,0
523,0.30325487784230926,1.100515116484551,0.5189714017894245,1,1,0,1,1,0,0,1,0,0
524,0.30714276089156967,0.0,-0.5028639729296732,0,0,0,0,0,0,1,1,0,0
525,0.31103064394083,0.8311748888933667,-0.49237782784290063,0,0,0,0,0,0,1,0,1,0
526,0.31491852699009043,1.5622412209265812,-0.43700743807979686,1,1,0,0,0,1,0,0,0,1
527,0.3188064100393508,0.0,3.817033162951754,0,0,0,0,1,0,0,0,0,1
528,0.32269429308861114,0.7157433627828591,-0.4888542575852486,0,0,0,0,0,0,1,0,0,1
529,0.32658217613787155,-0.5155262490625547,-0.41687275089321363,0,0,2,1,0,1,0,0,0,1
530,0.3304700591871319,-2.1315676146096605,-0.12491978668775715,1,1,1,1,0,1,0,0,0,1
531,0.33435794223639226,0.0,-0.5028639729296732,0,0,0,0,0,0,1,1,0,0
532,0.33824582528565267,-0.977252353504585,-0.5028639729296732,0,0,1,1,0,0,1,1,0,0
533,0.342133708334913,0.0,-0.19824427701513722,1,1,0,2,0,0,1,1,0,0
534,0.34602159138417343,0.02315420611981384,-0.47400492578514347,0,1,0,0,0,0,1,0,0,1
535,0.3499094744334338,-1.7467958609079686,-0.11988611489111134,1,1,0,2,0,1,0,0,0,1
536,0.35379735748269414,1.1774694672248893,-0.11384570873513637,0,0,0,0,1,0,0,0,0,1
537,0.35768524053195455,0.02315420611981384,1.4944124302931971,1,1,0,0,1,0,0,1,0,0
538,0.3615731235812149,0.0,-0.35646868933346404,0,0,0,0,0,0,1,0,0,1
539,0.36546100663047526,-0.5924805998028931,0.3482453621969482,1,1,0,2,1,0,0,1,0,0
540,0.36934888967973567,0.48488031056184405,0.7811411367084872,1,1,0,2,1,0,0,0,0,1
541,0.373236772728996,-1.5928871594272918,-0.01870931177853076,0,1,4,2,0,0,1,0,0,1
542,0.37712465577825643,-1.4389784579466152,-0.01870931177853076,0,1,4,2,0,0,1,0,0,1
543,0.3810125388275168,0.17706290760049057,-0.12491978668775715,1,0,1,0,0,1,0,0,0,1
544,0.38490042187677714,1.5622412209265812,1.4944124302931971,0,0,1,0,1,0,0,1,0,0
545,0.38878830492603755,2.6396021312913183,-0.12491978668775715,0,0,0,0,1,0,0,0,0,1
546,0.3926761879752979,-0.8233436520239081,-0.12491978668775715,1,1,1,0,0,1,0,0,0,1
547,0.3965640710245583,0.0,-0.3693045524149108,1,0,0,0,0,1,0,1,0,0
548,0.4004519540738187,0.25401725834082894,-0.2351571990343002,0,0,1,1,0,0,1,0,0,1
549,0.404339837123079,-1.6698415101676303,0.09152810056801232,1,0,1,1,0,1,0,0,0,1
550,0.40822772017233944,-0.977252353504585,1.5841789061771412,1,0,0,2,1,0,0,1,0,0
551,0.4121156032215998,-0.20770884610120124,-0.12491978668775715,0,0,0,0,0,1,0,0,0,1
552,0.41600348627086015,0.0,-0.49078316061772326,0,0,0,0,0,0,1,0,1,0
553,0.41989136932012056,-0.5924805998028931,-0.5029485386158568,1,0,0,0,0,0,1,1,0,0
554,0.4237792523693809,-0.5924805998028931,-0.4918744606632361,1,1,0,0,0,0,1,0,0,1
555,0.4276671354186413,2.4856934298106417,-0.11384570873513637,0,0,0,0,1,0,0,0,0,1
556,0.4315550184679017,1.4083325194459044,0.1489119590497745,1,1,1,0,1,0,0,1,0,0
557,0.43544290151716203,0.0,3.9327230485884233,0,0,0,0,1,0,0,1,0,0
558,0.43933078456642244,0.7157433627828591,0.955306180872432,1,1,1,1,1,0,0,0,0,1
559,0.4432186676156828,0.48488031056184405,-0.29807809649237277,1,1,1,0,0,0,1,0,0,1
560,0.44710655066494315,0.0,-0.49237782784290063,0,0,0,0,0,0,1,0,1,0
561,0.45099443371420356,0.7926977135231975,-0.4894421904510968,0,0,0,0,0,0,1,0,0,1
562,0.4548823167634639,-0.1307544953608629,-0.3766033765200472,0,0,0,0,0,1,0,0,0,1
563,0.4587701998127243,0.0,-0.4863374216869257,0,0,0,0,0,0,1,0,0,1
564,0.4626580828619847,0.0,-0.4863374216869257,0,1,0,0,0,0,1,0,0,1
565,0.46654596591124503,-0.4385718983222164,-0.1621689579829361,0,0,2,0,0,0,1,0,0,1
566,0.47043384896050544,-0.8233436520239081,-0.4894421904510968,0,0,0,0,0,0,1,0,0,1
567,0.4743217320097658,-0.05380014462052453,-0.22408312108167944,0,1,0,4,0,0,1,0,0,1
568,0.47820961505902615,0.0,-0.5028639729296732,0,0,0,0,0,0,1,1,0,0
569,0.48209749810828656,0.17706290760049057,-0.4902797934380587,1,0,0,0,0,0,1,0,0,1
570,0.4859853811575469,2.4856934298106417,-0.43700743807979686,1,0,0,0,0,1,0,0,0,1
571,0.4898732642068073,1.7931042731475964,0.38809593507663365,1,1,2,0,1,0,0,0,0,1
572,0.4937611472560677,0.48488031056184405,-0.11711759540295616,1,0,0,0,1,0,0,0,0,1
573,0.49764903030532803,0.0,-0.49237782784290063,1,1,0,0,0,0,1,0,1,0
574,0.5015369133545884,-1.0542067042449232,-0.4863374216869257,0,0,0,0,0,0,1,0,0,1
575,0.5054247964038489,-0.8233436520239081,-0.35646868933346404,0,0,0,0,0,0,1,0,0,1
576,0.5093126794531092,0.3309716090811673,-0.3866707201133388,1,1,0,0,0,1,0,0,0,1
577,0.5132005625023696,0.7157433627828591,0.4771073601910807,1,1,1,0,1,0,0,0,0,1
578,0.5170884455516299,0.0,-0.3573083057891445,0,1,1,0,0,0,1,1,0,0
579,0.5209763286008903,0.17706290760049057,-0.4888542575852486,1,0,0,0,0,0,1,0,0,1
580,0.5248642116501506,-0.361617547581878,-0.04438103794142432,1,1,1,1,0,1,0,0,0,1
581,0.5287520946994111,0.7157433627828591,1.5841789061771412,1,1,1,1,1,0,0,1,0,0
582,0.5326399777486714,1.8700586238879346,-0.12491978668775715,0,0,0,0,0,1,0,0,0,1
583,0.5365278607979318,0.48488031056184405,0.15948266982273065,0,0,0,0,1,0,0,1,0,0
584,0.5404157438471922,0.0,-0.47299819142581434,0,0,0,0,0,0,1,1,0,0
585,0.5443036268964525,-0.9002980027642465,0.955306180872432,1,1,0,2,1,0,0,0,0,1
586,0.548191509945713,1.3313781687055661,-0.3464013457401724,0,0,0,0,0,1,0,0,0,1
587,0.5520793929949733,2.3317847283299646,0.9462455716384695,1,0,1,1,1,0,0,1,0,0
588,0.5559672760442337,-0.5924805998028931,-0.4863374216869257,0,0,0,0,0,0,1,0,0,1
589,0.559855159093494,0.0,-0.4863374216869257,0,0,0,0,0,0,1,0,0,1
590,0.5637430421427544,0.40792595982150565,-0.5049620073345151,0,0,0,0,0,0,1,0,0,1
591,0.5676309251920149,1.7161499224072578,0.9274538680872313,1,1,1,0,1,0,0,1,0,0
592,0.5715188082412752,1.3313781687055661,-0.5024451714361923,0,0,0,0,0,0,1,0,0,1
593,0.5754066912905356,0.0,-0.49237782784290063,0,1,0,2,0,0,1,0,1,0
594,0.5792945743397959,0.5618346613021824,-0.12491978668775715,0,0,1,0,0,1,0,0,0,1
595,0.5831824573890563,0.48488031056184405,-0.1621689579829361,0,0,1,1,0,0,1,0,0,1
596,0.5870703404383166,0.0,0.016023023618325298,1,1,0,0,0,1,0,0,0,1
597,0.5909582234875771,1.4852868701862427,-0.6484216535389205,0,0,0,0,0,0,1,0,0,1
598,0.5948461065368374,0.0,-0.5029485386158568,0,0,0,0,0,0,1,1,0,0
599,0.5987339895860978,1.4852868701862427,0.49782998024351216,1,0,1,0,1,0,0,1,0,0
600,0.6026218726353582,-0.4385718983222164,-0.10478509950117394,1,1,2,1,0,1,0,0,0,1
601,0.6065097556846185,0.0,-0.4894421904510968,0,0,0,0,0,0,1,0,0,1
602,0.610397638733879,0.0,0.2052890831722074,0,0,0,0,1,0,0,0,0,1
603,0.6142855217831393,1.100515116484551,-0.4863374216869257,0,0,0,0,0,0,1,0,0,1
604,0.6181734048323997,0.40792595982150565,-0.11384570873513637,1,0,0,0,1,0,0,1,0,0
605,0.62206128788166,0.48488031056184405,-0.3353272677875516,0,0,1,0,0,0,1,0,0,1
606,0.6259491709309204,0.02315420611981384,-0.4894421904510968,0,0,0,0,0,0,1,0,0,1
607,0.6298370539801809,-0.20770884610120124,-0.034313694348132716,1,0,0,0,1,0,0,0,0,1
608,0.6337249370294412,-0.5924805998028931,0.18876253192945994,1,1,1,2,0,1,0,1,0,0
609,0.6376128200787016,0.7926977135231975,2.441497778832105,1,1,0,0,1,0,0,0,0,1
610,0.6415007031279619,0.7157433627828591,-0.01870931177853076,0,1,1,5,0,0,1,0,0,1
611,0.6453885861772223,0.0,-0.5064721088735089,0,0,0,0,0,0,1,0,0,1
612,0.6492764692264827,0.0,-0.3363340021468808,1,1,1,0,0,0,1,0,1,0
613,0.6531643522757431,0.0,-0.49237782784290063,0,0,0,0,0,0,1,0,1,0
614,0.6570522353250035,0.40792595982150565,-0.4863374216869257,0,0,0,0,0,0,1,0,0,1
615,0.6609401183742638,-0.4385718983222164,0.6603330135889879,1,1,1,2,0,1,0,0,0,1
616,0.6648280014235242,0.3309716090811673,-0.35848215805212236,0,0,1,1,0,0,1,0,0,1
617,0.6687158844727845,-0.2846631968415396,-0.32425318983493084,0,1,1,0,0,0,1,0,0,1
618,0.672603767522045,-1.9776589131289837,0.13683114673782454,1,1,2,1,0,1,0,0,0,1
619,0.6764916505713053,-0.2846631968415396,-0.43700743807979686,0,0,0,0,0,1,0,0,0,1
620,0.6803795336205657,-0.20770884610120124,-0.3573908580066095,0,0,1,0,0,0,1,1,0,0
621,0.684267416669826,0.9466064150038742,0.40974072380221066,1,0,1,0,1,0,0,0,0,1
622,0.6881552997190864,-0.7463893012835698,-0.33146744825388363,1,0,1,1,0,0,1,1,0,0
623,0.6920431827683469,-0.6694349505432314,-0.4902797934380587,0,0,0,0,0,0,1,0,0,1
624,0.6959310658176072,-0.6694349505432314,-0.32425318983493084,0,0,0,0,0,0,1,0,0,1
625,0.6998189488668676,2.4087390790703034,0.002347544081197954,0,0,0,0,1,0,0,0,0,1
626,0.7037068319161279,2.1009216761089498,-0.3997582667846179,0,0,0,0,0,1,0,0,1,0
627,0.7075947149653883,-0.6694349505432314,0.921244330558889,1,1,0,0,1,0,0,0,0,1
628,0.7114825980146487,-0.2846631968415396,-0.4894421904510968,0,0,0,0,0,0,1,0,0,1
629,0.7153704810639091,0.0,-0.49271407711891657,0,0,0,0,0,0,1,0,1,0
630,0.7192583641131695,3.8708717431367323,-0.04438103794142432,1,0,0,0,1,0,0,0,0,1
631,0.7231462471624298,1.6391955716669195,-0.5063875431873253,0,0,0,0,0,0,1,0,0,1
632,0.7270341302116902,0.17706290760049057,-0.034313694348132716,1,0,0,0,1,0,0,1,0,0
633,0.7309220132609505,0.0,-0.6484216535389205,0,0,0,0,1,0,0,0,0,1
634,0.734809896310211,-1.5928871594272918,-0.08666388103324908,0,1,3,2,0,0,1,0,0,1
635,0.7386977793594713,-0.1307544953608629,-0.3866707201133388,1,1,0,0,0,1,0,0,0,1
636,0.7425856624087317,0.17706290760049057,-0.4888542575852486,0,0,0,0,0,0,1,0,0,1
637,0.746473545457992,0.1001085568601522,-0.11988611489111134,0,0,1,1,0,1,0,0,0,1
638,0.7503614285072524,0.8696520642635358,0.1506737441786005,0,1,0,5,0,0,1,0,0,1
639,0.7542493115565129,0.0,-0.32425318983493084,0,0,1,0,0,0,1,0,0,1
640,0.7581371946057732,-0.7463893012835698,-0.4902797934380587,0,0,0,0,0,0,1,0,0,1
641,0.7620250776550336,-0.4385718983222164,0.7469121684912956,1,1,0,0,1,0,0,1,0,0
642,0.7659129607042939,-2.1315676146096605,-0.08666388103324908,0,1,3,2,0,0,1,0,0,1
643,0.7698008437535543,0.0,0.48910360681684706,1,0,0,0,0,0,1,0,0,1
644,0.7736887268028148,-2.2277605530350835,-0.26066180729354516,1,1,2,1,0,0,1,1,0,0
645,0.7775766098520751,1.4083325194459044,0.8964967865378598,1,0,1,0,1,0,0,1,0,0
646,0.7814644929013355,-0.8233436520239081,-0.4894421904510968,0,0,0,0,0,0,1,0,0,1
647,0.7853523759505958,2.0239673253686115,0.06635974158478332,1,0,0,0,1,0,0,1,0,0
648,0.7892402589998562,0.0,-0.49640476528021726,0,0,0,0,0,0,1,0,0,1
649,0.7931281420491166,-0.5155262490625547,-0.49640476528021726,1,1,0,0,0,0,1,0,0,1
650,0.797016025098377,0.0,-0.4894421904510968,0,0,0,0,0,0,1,0,0,1
651,0.8009039081476373,-0.9002980027642465,-0.18532384824750675,1,1,0,1,0,1,0,0,0,1
652,0.8047917911968977,-0.6694349505432314,-0.47861979608830835,0,0,0,0,0,0,1,0,0,1
653,0.808679674246158,0.0,-0.49078316061772326,1,1,0,0,0,0,1,0,1,0
654,0.8125675572954184,-0.9002980027642465,-0.5125125150294839,0,1,0,0,0,0,1,0,1,0
655,0.8164554403446789,-0.4385718983222164,0.8314778546749452,0,0,2,0,0,1,0,0,0,1
656,0.8203433233939392,0.0,-0.4894421904510968,0,0,0,0,0,0,1,0,0,1
657,0.8242312064431996,0.17706290760049057,-0.3363340021468808,0,1,1,1,0,0,1,0,1,0
658,0.8281190894924599,-0.5155262490625547,-0.3866707201133388,0,0,0,0,0,1,0,0,0,1
659,0.8320069725417203,2.177876026849288,1.6323350375212924,0,0,0,2,1,0,0,1,0,0
660,0.8358948555909808,1.5622412209265812,2.042579288947925,1,0,2,0,1,0,0,0,0,1
661,0.8397827386402411,0.7926977135231975,-0.5029485386158568,0,0,0,0,0,0,1,1,0,0
662,0.8436706216895015,1.3313781687055661,-0.13322534515222276,0,0,0,0,1,0,0,0,0,1
663,0.8475585047387618,0.48488031056184405,-0.4974960653257301,0,0,0,0,0,0,1,0,0,1
664,0.8514463877880222,-0.7463893012835698,-0.4888542575852486,1,0,1,0,0,0,1,0,0,1
665,0.8553342708372826,0.17706290760049057,0.8314778546749452,0,0,2,0,0,1,0,0,0,1
666,0.859222153886543,-0.361617547581878,-0.3866707201133388,0,0,0,0,0,1,0,0,0,1
667,0.8631100369358033,0.0,-0.4918744606632361,0,0,0,0,0,0,1,0,0,1
668,0.8669979199850637,1.0235607657442125,-0.4863374216869257,0,0,0,0,0,0,1,0,0,1
669,0.8708858030343241,0.0,0.39858208016340624,1,1,1,0,1,0,0,0,0,1
670,0.8747736860835844,0.7926977135231975,0.13683114673782454,1,1,1,1,0,1,0,0,0,1
671,0.8786615691328449,0.1001085568601522,0.39858208016340624,0,0,1,0,1,0,0,0,0,1
672,0.8825494521821052,3.1013282357333485,-0.43700743807979686,0,0,0,0,0,1,0,0,0,1
673,0.8864373352313656,0.1001085568601522,-0.3866707201133388,1,0,0,0,0,1,0,0,0,1
674,0.8903252182806259,0.0,-0.6484216535389205,0,0,0,0,0,1,0,0,0,1
675,0.8942131013298863,-0.9002980027642465,-0.4918744606632361,0,0,0,0,0,0,1,0,0,1
676,0.8981009843791468,-0.4000947229520472,-0.4863374216869257,0,0,0,0,0,0,1,0,0,1
677,0.9019888674284071,-0.9002980027642465,-0.45026210265472455,1,1,0,0,0,0,1,0,0,1
678,0.9058767504776675,1.0235607657442125,0.2958951755118318,0,1,1,6,0,0,1,0,0,1
679,0.9097646335269278,0.48488031056184405,9.667166525013505,1,0,0,1,1,0,0,1,0,0
680,0.9136525165761882,0.0,-0.48457563655809965,0,1,0,0,0,0,1,0,1,0
681,0.9175403996254486,-0.20770884610120124,0.8964967865378598,1,0,0,0,1,0,0,1,0,0
682,0.921428282674709,-0.7463893012835698,-0.4626791642426904,0,0,0,0,0,0,1,0,0,1
683,0.9253161657239694,-1.2081154057256,0.2958951755118318,0,0,5,2,0,0,1,0,0,1
684,0.9292040487732297,2.3317847283299646,0.13683114673782454,0,0,1,1,0,1,0,0,0,1
685,0.9330919318224901,-0.361617547581878,0.18876253192945994,0,0,1,2,0,1,0,1,0,0
686,0.9369798148717504,-1.2081154057256,0.1506737441786005,0,0,4,1,0,0,1,0,0,1
687,0.9408676979210109,-0.8233436520239081,-0.44363577710162005,0,0,0,0,0,0,1,0,0,1
688,0.9447555809702712,-0.9002980027642465,-0.49145565916975514,0,0,0,0,0,0,1,0,0,1
689,0.9486434640195316,-1.1311610549852615,3.6067927997556075,1,1,0,1,1,0,0,0,0,1
690,0.952531347068792,0.1001085568601522,0.49925551609632224,1,0,1,0,1,0,0,0,0,1
691,0.9564192301180523,-1.9776589131289837,-0.37828059596268965,1,1,0,1,0,0,1,1,0,0
692,0.9603071131673128,0.0,0.48910360681684706,1,0,0,0,0,0,1,0,0,1
693,0.9641949962165731,-0.361617547581878,-0.5029485386158568,0,0,0,0,0,0,1,1,0,0
694,0.9680828792658335,2.3317847283299646,-0.11384570873513637,0,0,0,0,1,0,0,0,0,1
695,0.9719707623150938,1.7161499224072578,-0.3766033765200472,0,0,0,0,0,1,0,0,0,1
696,0.9758586453643542,1.100515116484551,-0.4863374216869257,0,0,0,0,0,0,1,0,0,1
697,0.9797465284136146,0.0,-0.49271407711891657,1,1,0,0,0,0,1,0,1,0
698,0.983634411462875,1.4852868701862427,1.5841789061771412,0,0,1,1,1,0,0,1,0,0
699,0.9875222945121354,0.9466064150038742,-0.494391296561559,0,0,0,0,0,0,1,0,0,1
700,0.9914101775613957,-0.9002980027642465,3.9327230485884233,1,1,1,0,1,0,0,1,0,0
701,0.9952980606106561,0.40792595982150565,-0.11913106412161445,1,0,0,0,1,0,0,0,0,1
702,0.9991859436599165,-0.9002980027642465,-0.3573908580066095,0,1,0,1,0,0,1,1,0,0
703,1.0030738267091768,-0.361617547581878,-0.4925449457465493,0,0,0,0,0,0,1,0,1,0
704,1.0069617097584371,-0.2846631968415396,-0.4902797934380587,0,0,1,0,0,0,1,0,0,1
705,1.0108495928076977,0.7157433627828591,-0.12491978668775715,0,0,0,0,0,1,0,0,0,1
706,1.014737475856958,1.1774694672248893,-0.3766033765200472,1,1,0,0,0,1,0,0,0,1
707,1.0186253589062184,0.9466064150038742,-0.11913106412161445,1,0,0,0,1,0,0,0,0,1
708,1.0225132419554788,-0.5924805998028931,2.4029901895877646,1,1,0,0,1,0,0,0,0,1
709,1.0264011250047391,0.0,-0.3414522396297103,1,0,1,1,0,0,1,1,0,0
710,1.0302890080539995,-0.4385718983222164,0.3483299278831318,1,1,0,0,1,0,0,1,0,0
711,1.0341768911032598,0.0,-0.11384570873513637,0,0,0,0,1,0,0,0,0,1
712,1.0380647741525202,1.4083325194459044,0.39858208016340624,1,0,1,0,1,0,0,0,0,1
713,1.0419526572017805,-0.05380014462052453,-0.457478374542396,0,0,0,0,0,0,1,0,0,1
714,1.045840540251041,1.7161499224072578,-0.3866707201133388,0,0,0,0,0,1,0,0,0,1
715,1.0497284233003012,-0.8233436520239081,-0.494391296561559,0,0,0,0,0,0,1,0,0,1
716,1.0536163063495618,0.6387890120425208,3.9327230485884233,1,1,0,0,1,0,0,1,0,0
717,1.0575041893988222,-0.20770884610120124,-0.43700743807979686,1,1,0,0,0,1,0,0,0,1
718,1.0613920724480825,0.0,-0.3363340021468808,0,0,0,0,0,0,1,0,1,0
719,1.065279955497343,0.25401725834082894,-0.4918744606632361,0,0,0,0,0,0,1,0,0,1
720,1.0691678385466032,-1.8237502116483069,0.016023023618325298,1,1,0,1,0,1,0,0,0,1
721,1.0730557215958636,-0.977252353504585,-0.5063875431873253,0,0,1,0,0,0,1,0,0,1
722,1.076943604645124,0.3309716090811673,-0.3866707201133388,0,0,0,0,0,1,0,0,0,1
723,1.0808314876943843,1.5622412209265812,-0.3866707201133388,0,0,0,0,0,1,0,0,0,1
724,1.0847193707436447,-0.20770884610120124,0.4207302360686478,1,0,1,0,1,0,0,0,0,1
725,1.088607253792905,-0.7463893012835698,-0.47400492578514347,0,0,0,0,0,0,1,0,0,1
726,1.0924951368421656,0.02315420611981384,-0.22559322262067316,1,1,3,0,0,1,0,0,0,1
727,1.096383019891426,0.0,-0.4926295114327329,1,1,0,0,0,0,1,0,1,0
728,1.1002709029406863,-0.361617547581878,-0.12491978668775715,0,0,1,0,0,1,0,0,0,1
729,1.1041587859899467,-0.361617547581878,-0.4888542575852486,0,1,1,0,0,0,1,0,0,1
730,1.108046669039207,-0.05380014462052453,3.6067927997556075,1,1,0,0,1,0,0,0,0,1
731,1.1119345520884674,-1.4389784579466152,-0.2701412180209885,0,0,0,0,0,0,1,1,0,0
732,1.1158224351377277,0.0,-0.6484216535389205,0,0,0,0,0,1,0,0,0,1
733,1.119710318186988,-0.5155262490625547,-0.3866707201133388,0,0,0,0,0,1,0,0,0,1
734,1.1235982012362484,-0.5155262490625547,-0.3866707201133388,0,0,0,0,0,1,0,0,0,1
735,1.1274860842855088,-0.0922773199906937,-0.32425318983493084,0,0,0,0,0,0,1,0,0,1
736,1.1313739673347691,1.4083325194459044,0.04370821849987721,0,1,1,3,0,0,1,0,0,1
737,1.1352618503840297,0.40792595982150565,9.667166525013505,1,0,0,0,1,0,0,1,0,0
738,1.13914973343329,0.0,-0.4894421904510968,0,0,0,0,0,0,1,0,0,1
739,1.1430376164825504,0.0,-0.4894421904510968,0,0,0,0,0,0,1,0,0,1
740,1.1469254995318108,0.0,-0.04438103794142432,1,0,0,0,1,0,0,0,0,1
741,1.1508133825810711,0.48488031056184405,0.9391984311231651,0,0,1,0,1,0,0,0,0,1
742,1.1547012656303315,-0.6694349505432314,4.634416897040849,1,1,2,2,1,0,0,1,0,0
743,1.1585891486795918,-0.4385718983222164,-0.32425318983493084,0,0,1,0,0,0,1,0,0,1
744,1.1624770317288522,0.1001085568601522,-0.4888542575852486,1,0,0,0,0,0,1,0,0,1
745,1.1663649147781125,3.1013282357333485,0.7811411367084872,0,0,1,1,1,0,0,0,0,1
746,1.170252797827373,-1.0542067042449232,-0.24069423801061057,0,0,1,1,0,0,1,0,0,1
747,1.1741406808766333,0.02315420611981384,-0.3866707201133388,1,1,0,0,0,1,0,0,0,1
748,1.1780285639258938,-0.8233436520239081,0.4207302360686478,0,0,1,0,1,0,0,0,0,1
749,1.1819164469751542,0.1001085568601522,-0.49237782784290063,0,0,0,0,0,0,1,0,1,0
750,1.1858043300244145,-1.9776589131289837,-0.18532384824750675,1,1,1,1,0,1,0,0,0,1
751,1.189692213073675,-1.8237502116483069,-0.397241430886295,1,0,0,1,0,0,1,0,0,1
752,1.1935800961229353,0.25401725834082894,-0.45714212526638004,0,0,0,0,0,0,1,0,0,1
753,1.1974679791721956,-0.5155262490625547,-0.4894421904510968,0,0,0,0,0,0,1,0,0,1
754,1.201355862221456,1.4083325194459044,0.6603330135889879,1,1,1,2,0,1,0,0,0,1
755,1.2052437452707163,-2.23391690109431,-0.35646868933346404,1,0,1,1,0,1,0,0,0,1
756,1.2091316283199767,-0.1307544953608629,-0.49145565916975514,0,0,0,0,0,0,1,0,0,1
757,1.213019511369237,-0.9002980027642465,-0.41687275089321363,0,0,0,0,0,1,0,0,0,1
758,1.2169073944184976,0.3309716090811673,-0.4863374216869257,0,0,0,0,0,0,1,0,0,1
759,1.220795277467758,0.25401725834082894,1.093228788100527,1,1,0,0,1,0,0,0,0,1
760,1.2246831605170183,0.0,-0.35646868933346404,0,0,0,0,0,0,1,0,0,1
761,1.2285710435662787,0.8696520642635358,-0.5049620073345151,0,0,0,0,0,0,1,0,0,1
762,1.232458926615539,-0.7463893012835698,-0.5028639729296732,1,0,0,0,0,0,1,1,0,0
763,1.2363468096647994,0.48488031056184405,1.7677408088510642,1,1,1,2,1,0,0,0,0,1
764,1.2402346927140597,-1.0542067042449232,-0.4918744606632361,0,0,0,0,0,0,1,0,0,1
765,1.24412257576332,1.6391955716669195,0.921244330558889,1,1,1,0,1,0,0,0,0,1
766,1.2480104588125804,0.0,0.1489119590497745,0,0,0,0,1,0,0,1,0,0
767,1.2518983418618408,0.061631381489983025,-0.49237782784290063,0,1,0,0,0,0,1,0,1,0
768,1.2557862249111011,0.0,-0.1621689579829361,0,0,1,0,0,0,1,0,1,0
769,1.2596741079603617,0.17706290760049057,-0.4800453319411184,0,0,0,0,0,0,1,0,0,1
770,1.263561991009622,-0.4385718983222164,-0.45714212526638004,0,0,0,0,0,0,1,0,0,1
771,1.2674498740588824,1.4083325194459044,-0.4902797934380587,0,0,0,0,0,0,1,0,0,1
772,1.2713377571081428,2.1009216761089498,-0.43700743807979686,0,1,0,0,0,1,0,0,0,1
773,1.2752256401574031,0.0,-0.5029485386158568,0,0,0,0,0,0,1,1,0,0
774,1.2791135232066635,1.8700586238879346,-0.18532384824750675,1,1,1,3,0,1,0,0,0,1
775,1.2830014062559238,-0.9002980027642465,-0.49237782784290063,0,0,0,0,0,0,1,0,0,1
776,1.2868892893051842,0.0,-0.49237782784290063,0,0,0,0,0,0,1,0,1,0
777,1.2907771723544446,-1.9007045623886454,-0.397241430886295,1,1,0,0,0,0,1,0,0,1
778,1.294665055403705,0.0,-0.4926295114327329,0,0,0,0,0,0,1,0,1,0
779,1.2985529384529655,1.0235607657442125,3.6067927997556075,1,1,0,1,1,0,0,0,0,1
780,1.3024408215022258,-1.2850697564659384,-0.5028639729296732,1,1,0,0,0,0,1,1,0,0
781,1.3063287045514862,-0.977252353504585,0.49925551609632224,1,1,1,0,1,0,0,0,0,1
782,1.3102165876007466,-0.05380014462052453,-0.04438103794142432,0,0,0,0,1,0,0,0,0,1
783,1.314104470650007,0.0,-0.17626323901354432,0,0,1,2,0,0,1,0,0,1
784,1.3179923536992673,-0.361617547581878,-0.5064721088735089,0,0,0,0,0,0,1,0,0,1
785,1.3218802367485276,-0.361617547581878,-0.5024451714361923,0,0,0,0,0,0,1,0,0,1
786,1.325768119797788,-0.9002980027642465,-0.4974960653257301,1,1,0,0,0,0,1,0,0,1
787,1.3296560028470483,-1.6698415101676303,-0.06199888922968463,0,0,4,1,0,0,1,0,1,0
788,1.3335438858963087,-2.208521965349999,-0.23415046467497105,1,0,1,2,0,0,1,0,0,1
789,1.337431768945569,1.2544238179652276,0.9462455716384695,0,0,0,0,1,0,0,1,0,0
790,1.3413196519948296,0.0,-0.49237782784290063,0,0,0,0,0,0,1,0,1,0
791,1.34520753504409,-1.0542067042449232,-0.12491978668775715,0,0,0,0,0,1,0,0,0,1
792,1.3490954180933503,0.0,0.7519458402879414,0,1,8,2,0,0,1,0,0,1
793,1.3529833011426107,0.0,-0.030371322596999754,0,0,0,0,1,0,0,1,0,0
794,1.356871184191871,-0.361617547581878,-0.4894421904510968,0,0,0,0,0,0,1,0,0,1
795,1.3607590672411314,0.7157433627828591,-0.3866707201133388,0,0,0,0,0,1,0,0,0,1
796,1.3646469502903917,1.4852868701862427,-0.1263453225405672,1,1,0,0,1,0,0,0,0,1
797,1.368534833339652,0.1001085568601522,-0.4735861242916626,1,1,0,0,0,0,1,0,0,1
798,1.3724227163889124,0.02315420611981384,-0.5028639729296732,0,0,0,0,0,0,1,1,0,0
799,1.3763105994381728,0.02315420611981384,-0.1621689579829361,0,1,1,1,0,0,1,0,0,1
800,1.3801984824874334,0.3309716090811673,-0.3866707201133388,0,0,0,0,0,1,0,0,0,1
801,1.3840863655366937,0.1001085568601522,-0.11988611489111134,1,1,1,1,0,1,0,0,0,1
802,1.387974248585954,-1.4389784579466152,1.7677408088510642,1,0,1,2,1,0,0,0,0,1
803,1.3918621316352144,-2.2531554887793948,-0.47694056317694733,1,0,0,1,0,0,1,1,0,0
804,1.3957500146844748,-0.20770884610120124,-0.5079822104125026,1,0,0,0,0,0,1,0,0,1
805,1.3996378977337351,0.1001085568601522,-0.4918744606632361,0,0,0,0,0,0,1,0,0,1
806,1.4035257807829955,0.7157433627828591,-0.6484216535389205,0,0,0,0,1,0,0,0,0,1
807,1.4074136638322559,-0.9002980027642465,-0.4918744606632361,0,1,0,0,0,0,1,0,0,1
808,1.4113015468815162,0.7157433627828591,-0.3866707201133388,0,0,0,0,0,1,0,0,0,1
809,1.4151894299307766,0.25401725834082894,0.4207302360686478,1,1,1,0,1,0,0,0,0,1
810,1.419077312980037,-0.2846631968415396,-0.4896093083547455,0,0,0,0,0,0,1,0,0,1
811,1.4229651960292975,0.7157433627828591,-0.1621689579829361,0,0,0,0,0,0,1,0,0,1
812,1.4268530790785579,0.40792595982150565,-0.43700743807979686,0,0,0,0,0,1,0,0,0,1
813,1.4307409621278182,-1.8237502116483069,-0.01870931177853076,0,1,4,2,0,0,1,0,0,1
814,1.4346288451770786,0.061631381489983025,-0.4863374216869257,0,0,0,0,0,0,1,0,0,1
815,1.438516728226339,0.0,-0.6484216535389205,0,0,0,0,1,0,0,0,0,1
816,1.4424046112755993,-0.5155262490625547,-0.4888542575852486,0,1,0,0,0,0,1,0,0,1
817,1.4462924943248596,0.1001085568601522,0.09664633805084172,0,0,1,1,0,1,0,1,0,0
818,1.45018037737412,1.0235607657442125,-0.5185529211854588,0,0,0,0,0,0,1,0,0,1
819,1.4540682604233803,-1.5159328086869535,-0.08666388103324908,0,0,3,2,0,0,1,0,0,1
820,1.4579561434726407,1.7161499224072578,1.2341715984066093,1,1,1,1,1,0,0,0,0,1
821,1.461844026521901,-0.20770884610120124,-0.47400492578514347,1,0,0,0,0,0,1,0,0,1
822,1.4657319095711616,0.6387890120425208,-0.6484216535389205,0,0,0,0,1,0,0,0,0,1
823,1.469619792620422,-0.20770884610120124,-0.397241430886295,1,1,0,1,0,0,1,0,0,1
824,1.4735076756696823,-2.1315676146096605,0.1506737441786005,0,0,4,1,0,0,1,0,0,1
825,1.4773955587189427,0.0,-0.5084855775921673,0,0,0,0,0,0,1,0,1,0
826,1.481283441768203,0.0,0.48910360681684706,0,0,0,0,0,0,1,0,0,1
827,1.4851713248174634,-2.208521965349999,0.09664633805084172,1,0,0,2,0,1,0,1,0,0
828,1.4890592078667237,0.0,-0.49237782784290063,1,0,0,0,0,0,1,0,1,0
829,1.492947090915984,2.4856934298106417,0.962353321387736,1,1,0,0,1,0,0,1,0,0
830,1.4968349739652445,-1.1311610549852615,-0.3573908580066095,1,1,1,0,0,0,1,1,0,0
831,1.5007228570145048,-2.2216042049758564,-0.2708962687904854,1,0,1,1,0,1,0,0,0,1
832,1.5046107400637654,0.0,-0.5028639729296732,0,0,0,0,0,0,1,1,0,0
833,1.5084986231130257,-0.5155262490625547,-0.4902797934380587,0,0,0,0,0,0,1,0,0,1
834,1.512386506162286,-0.9002980027642465,-0.48130374989027985,0,0,0,0,0,0,1,0,0,1
835,1.5162743892115464,0.7157433627828591,1.0259447039291216,1,1,1,1,1,0,0,1,0,0
836,1.5201622722608068,-0.6694349505432314,-0.47400492578514347,0,0,0,0,0,0,1,0,0,1
837,1.5240501553100672,0.0,-0.4863374216869257,0,0,0,0,0,0,1,0,0,1
838,1.5279380383593275,0.17706290760049057,0.48910360681684706,1,0,0,0,0,0,1,0,0,1
839,1.5318259214085879,0.0,-0.05042144409739929,1,0,0,0,1,0,0,1,0,0
840,1.5357138044578482,-0.7463893012835698,-0.4888542575852486,0,0,0,0,0,0,1,0,0,1
841,1.5396016875071086,-1.0542067042449232,-0.43700743807979686,0,0,0,0,0,1,0,0,0,1
842,1.543489570556369,0.02315420611981384,-0.024246350754841113,1,1,0,0,1,0,0,1,0,0
843,1.5473774536056295,0.3694487844513365,-0.5188046047752911,0,0,0,0,0,0,1,1,0,0
844,1.5512653366548899,-0.977252353504585,-0.47400492578514347,0,0,0,0,0,0,1,0,0,1
845,1.5551532197041502,0.9466064150038742,-0.49640476528021726,0,0,0,0,0,0,1,0,0,1
846,1.5590411027534106,0.0,0.7519458402879414,0,0,8,2,0,0,1,0,0,1
847,1.562928985802671,0.40792595982150565,-0.4894421904510968,0,0,0,0,0,0,1,1,0,0
848,1.5668168688519313,-0.1307544953608629,0.016023023618325298,0,0,0,1,0,1,0,0,0,1
849,1.5707047519011916,0.0,1.145663540471827,1,1,1,0,1,0,0,1,0,0
850,1.574592634950452,-1.9776589131289837,-0.01870931177853076,0,0,4,2,0,0,1,0,0,1
851,1.5784805179997123,3.409145638694702,-0.4918744606632361,0,0,0,0,0,0,1,0,0,1
852,1.5823684010489727,-1.5928871594272918,-0.3414522396297103,0,1,1,1,0,0,1,1,0,0
853,1.5862562840982333,-1.0542067042449232,0.14488502161245778,1,1,0,1,1,0,0,0,0,1
854,1.5901441671474936,1.100515116484551,-0.12491978668775715,0,1,1,0,0,1,0,0,0,1
855,1.594032050196754,-0.9002980027642465,-0.4601623283443675,1,1,0,1,0,0,1,0,0,1
856,1.5979199332460143,1.1774694672248893,2.671117778445337,1,1,1,1,1,0,0,0,0,1
857,1.6018078162952747,1.6391955716669195,-0.11384570873513637,1,0,0,0,1,0,0,0,0,1
858,1.605695699344535,-0.4385718983222164,-0.26066180729354516,1,1,0,3,0,0,1,1,0,0
859,1.6095835823937954,0.0,-0.5028639729296732,0,0,0,0,0,0,1,1,0,0
860,1.6134714654430558,0.8696520642635358,-0.36435544630444866,0,0,2,0,0,0,1,0,0,1
861,1.617359348492316,-0.6694349505432314,-0.41687275089321363,0,0,1,0,0,1,0,0,0,1
862,1.6212472315415765,1.4083325194459044,-0.1263453225405672,1,1,0,0,1,0,0,0,0,1
863,1.6251351145908368,0.0,0.7519458402879414,0,1,8,2,0,0,1,0,0,1
864,1.6290229976400974,-0.4385718983222164,-0.3866707201133388,0,0,0,0,0,1,0,0,0,1
865,1.6329108806893577,0.9466064150038742,-0.3866707201133388,1,1,0,0,0,1,0,0,0,1
866,1.636798763738618,-0.20770884610120124,-0.3693891181010945,1,1,1,0,0,1,0,1,0,0
867,1.6406866467878785,0.1001085568601522,0.3682954836973478,0,0,0,0,1,0,0,0,0,1
868,1.6445745298371388,0.0,-0.45714212526638004,0,0,0,0,0,0,1,0,0,1
869,1.6484624128863992,-1.9776589131289837,-0.4242561406845337,1,0,1,1,0,0,1,0,0,1
870,1.6523502959356595,-0.2846631968415396,-0.4894421904510968,0,0,0,0,0,0,1,0,0,1
871,1.6562381789849199,1.3313781687055661,0.40974072380221066,1,1,1,1,1,0,0,0,0,1
872,1.6601260620341802,0.25401725834082894,-0.5477482176060045,0,0,0,0,1,0,0,0,0,1
873,1.6640139450834406,1.3313781687055661,-0.46720946885967163,0,0,0,0,0,0,1,0,0,1
874,1.667901828132701,-0.1307544953608629,-0.16518916106092355,1,1,1,0,0,1,0,1,0,0
875,1.6717897111819615,-1.1311610549852615,-0.5029485386158568,1,1,0,0,0,0,1,1,0,0
876,1.6756775942312219,-0.7463893012835698,-0.45017955043725955,0,0,0,0,0,0,1,0,0,1
877,1.6795654772804822,-0.8233436520239081,-0.4894421904510968,0,0,0,0,0,0,1,0,0,1
878,1.6834533603297426,0.0,-0.4894421904510968,0,0,0,0,0,0,1,0,0,1
879,1.687341243379003,2.0239673253686115,1.0259447039291216,1,1,0,1,1,0,0,1,0,0
880,1.6912291264282633,-0.361617547581878,-0.12491978668775715,1,1,0,1,0,1,0,0,0,1
881,1.6951170094775236,0.25401725834082894,-0.4894421904510968,0,0,0,0,0,0,1,0,0,1
882,1.699004892526784,-0.5924805998028931,-0.4366711888037809,0,1,0,0,0,0,1,0,0,1
883,1.7028927755760443,-0.1307544953608629,-0.43700743807979686,0,0,0,0,0,1,0,0,0,1
884,1.7067806586253047,-0.361617547581878,-0.5064721088735089,0,0,0,0,0,0,1,0,0,1
885,1.7106685416745653,0.7157433627828591,-0.06199888922968463,0,1,0,5,0,0,1,0,1,0
886,1.7145564247238256,-0.20770884610120124,-0.3866707201133388,0,0,0,0,0,1,0,0,0,1
887,1.718444307773086,-0.8233436520239081,-0.04438103794142432,1,1,0,0,1,0,0,0,0,1
888,1.7223321908223463,0.0,-0.17626323901354432,0,1,1,2,0,0,1,0,0,1
889,1.7262200738716067,-0.2846631968415396,-0.04438103794142432,1,0,0,0,1,0,0,1,0,0
890,1.730107956920867,0.17706290760049057,-0.49237782784290063,0,0,0,0,0,0,1,0,1,0
891,-0.20752989215266532,0.007675859004044435,-0.47581763934246474,1,0,0,0,0,0,1,0,0,1
892,0.3233304958853069,-0.13122485667416856,-0.3696674160679431,1,0,0,0,0,1,0,1,0,0
893,1.49572600937599,0.997839479807977,-0.3844365780028616,1,1,0,0,0,1,0,0,0,1
894,-0.02213606178172589,2.0714195189928235,0.9009647368876447,1,1,1,0,1,0,0,1,0,0
895,-0.338419915014636,0.22019819405020363,-0.3897005229266317,1,1,0,0,0,1,0,0,0,1
896,0.9418608806045008,0.4739269786782788,9.667166525013505,1,0,0,0,1,0,0,1,0,0
897,-0.9584248309240128,-0.9067177060127735,-0.4926066691374341,1,1,0,0,0,0,1,0,1,0
898,-0.5877995983522162,0.31487446746895975,-0.2390204218618057,1,1,1,1,0,0,1,0,0,1
899,-0.7394031553277454,-0.7924899454980925,1.6874579104126193,1,1,1,0,1,0,0,1,0,0
900,0.44385745487215444,-0.21942421511373733,-0.2374093477547015,1,0,0,1,0,0,1,1,0,0
901,-0.37807936525547337,0.0,-0.49237782784290063,1,1,0,0,0,0,1,0,1,0
902,1.110477869091449,-0.8765627374351922,0.6372915442904419,1,1,0,0,1,0,0,0,0,1
903,0.5625715518926883,-0.11323077357227504,0.48910360681684706,1,0,0,0,0,0,1,0,0,1
904,0.7574517745825029,0.08713769650182093,-0.40945565461408895,1,1,0,0,0,1,0,0,0,1
905,-0.8397601178645218,-2.1586714456473493,-0.39316982716514115,1,0,1,1,0,0,1,0,0,1
906,-1.145631751126592,-1.057461319537848,-0.49246210276847713,1,1,0,0,0,0,1,0,1,0
907,0.039388729686250845,0.3377851037176361,1.503664301084368,1,1,0,2,1,0,0,0,0,1
908,0.2191357442483431,0.4596955656954006,-0.11826619861591954,1,0,0,0,1,0,0,0,0,1
909,-1.439530817683278,0.15268486830799508,0.3891845621054506,1,0,0,0,0,0,1,0,0,1
910,1.428453259727002,0.15382824203868492,0.48910360681684706,1,0,0,0,0,0,1,0,0,1
911,-0.9023682296319515,-0.8691579893094448,-0.46637576469842845,1,0,0,0,0,1,0,0,0,1
912,-0.144853597310891,-0.09625410133696569,-0.3969524784352269,1,1,0,0,0,1,0,0,0,1
913,0.009085345009388901,-1.2920051729936644,-0.25375381264937713,1,1,0,1,0,1,0,0,0,1
914,1.12606760669934,1.6494896970312753,0.8203572810076424,1,1,0,1,1,0,0,1,0,0
915,0.751184344347547,1.4196888709321835,0.8376645004535099,1,0,1,0,1,0,0,1,0,0
916,0.46062144069138544,0.20997262024173502,-0.49022899061921826,1,0,0,0,0,0,1,0,0,1
917,-0.7308365637785916,-0.9185399275040241,-0.4863374216869257,1,0,0,0,0,0,1,0,0,1
918,-0.7191223909773621,-2.0345857742330566,-0.3240880603122453,1,0,1,1,0,0,1,0,0,1
919,1.1309706213077224,-0.7029856424044798,4.532441661662678,1,1,1,1,1,0,0,1,0,0
920,-1.1860326723457313,0.20581094643330106,-0.3866707201133388,1,1,0,0,0,1,0,0,0,1
921,-0.5383076000695486,0.013837829734633322,1.598400672008277,1,1,0,0,1,0,0,1,0,0
922,-0.3335711752271897,1.3915578695291384,5.180040196254937,1,0,0,1,1,0,0,1,0,0
923,0.12026162870240908,-0.4385718983222164,-0.23122074919165986,1,1,2,2,0,1,0,0,0,1
924,0.12055423081339034,1.4760653023535335,1.1158054739563805,1,0,1,0,1,0,0,1,0,0
925,-0.45687998149309184,0.0,-0.49114502444437613,1,1,0,0,0,0,1,0,1,0
926,-1.3409744233409027,0.3213270924541685,-0.202146750265151,1,1,0,0,0,1,0,0,0,1
927,-1.1468456890321876,0.8824851295302255,-0.07321215749936642,1,0,0,0,1,0,0,0,0,1
928,-1.273299781059737,-2.0263034306950622,0.10609580844045195,1,1,1,1,0,1,0,1,0,0
929,-0.6923570852941547,0.3412085040748056,1.9109756889608813,1,1,0,0,1,0,0,0,0,1
930,-1.1167213833919427,-1.0542067042449232,-0.4927026395863801,1,1,0,0,0,0,1,0,1,0
931,0.12075636187182509,0.28108350308818275,1.6666545900642908,1,1,0,0,1,0,0,1,0,0
932,0.9004692966911513,0.036273392404809854,0.43506015117821994,1,0,1,0,1,0,0,0,0,1
933,-0.140710043235665,-0.8787330705284975,0.45408895687436246,1,1,0,1,1,0,0,1,0,0
934,0.3117805499565537,1.6454066891875418,0.5486558221721973,1,1,1,0,1,0,0,1,0,0
935,1.1099420386009695,0.27286627431175425,-0.06592828379271204,1,0,0,0,1,0,0,0,0,1
936,-1.0156298806646502,-1.9820748402352892,-0.20914993696807038,1,1,0,1,0,0,1,0,0,1
937,0.9968509191369582,0.0044041856444520435,-0.49187256009088437,1,1,0,0,0,0,1,0,1,0
938,1.525677432338416,0.17658689657479212,0.4830543227718857,1,0,0,0,0,0,1,0,0,1
939,-1.308819122907822,-0.3046514690120309,-0.3957912422471615,1,1,0,2,0,1,0,0,0,1
940,-1.2451650722514198,0.21782664963392068,-0.3866707201133388,1,1,0,0,0,1,0,0,0,1
941,-0.9983253547601499,-0.8017485801437889,-0.417842864653495,1,1,3,2,0,1,0,0,0,1
942,1.5390907303294068,-0.8840475153441006,-0.3099145183121573,1,1,1,0,0,1,0,1,0,0
943,-1.5702552985069471,-1.045310501940507,-0.45072003473088806,1,1,0,0,0,0,1,1,0,0
944,0.9605472085917162,0.0,-0.44514524336560063,1,1,0,0,0,0,1,0,1,0
945,1.7165313353194793,-0.8215618076593862,-0.045517424532498435,1,1,0,0,1,0,0,0,0,1
946,0.0860197396448368,1.5622412209265812,-0.43700743807979686,1,1,0,0,0,1,0,0,0,1
947,0.9722248379822239,-0.31968021784577894,0.6306292320808341,1,0,0,0,1,0,0,1,0,0
948,0.13975004886731332,0.10924835446895662,-0.4128354867288824,1,1,0,0,0,1,0,0,0,1
949,0.6257523309145928,-0.03335705054616954,-0.08670901268536874,1,1,0,0,0,1,0,0,0,1
950,-0.6376118565938051,-0.10509668823951379,-0.5208988078647673,1,0,0,0,0,0,1,0,0,1
951,0.27071755906185824,-0.33836122903428967,1.1868773250489508,1,1,0,0,1,0,0,0,0,1
952,-0.3936024739001101,0.48488031056184405,-0.3866707201133388,1,1,0,0,0,1,0,0,0,1
953,-0.2000691330559824,0.7638496989566865,-0.4885920333950755,1,0,0,0,0,0,1,0,0,1
954,0.9834315589630799,-1.6348828963343967,0.7896763530054307,1,0,0,2,1,0,0,1,0,0
955,-0.8926397388530156,1.2199096628130408,-0.21672820609043242,1,1,0,0,0,1,0,0,0,1
956,-0.1201122959297774,-0.8422006227168654,-0.37729685435020993,1,1,0,2,0,1,0,0,0,1
957,1.093102267993054,-0.4246804258074346,0.31288467017175964,1,0,0,0,1,0,0,1,0,0
958,-0.9867747355870986,0.40792595982150565,0.9277642775331159,1,1,1,0,1,0,0,0,0,1
959,-1.4585438533972588,1.5133633317286062,-0.3281576930487927,1,1,0,0,0,1,0,0,0,1
960,0.9856970553917541,-0.9311385493614008,3.8891826599041073,1,1,0,0,1,0,0,1,0,0
961,0.15701989718463674,2.507113796445665,-0.4543604343392283,1,1,0,0,0,1,0,0,0,1
962,-0.2979236685782496,1.146716851067198,-0.4873432035247088,1,0,0,0,0,0,1,0,0,1
963,-0.42056562230914185,0.8022373743746938,-0.3704467177767579,1,1,0,0,0,1,0,0,0,1
964,-0.23798068880672638,-0.08497965839636873,-0.08600295669838627,1,0,0,0,1,0,0,0,0,1
965,0.1826522488280522,-1.5990226545800919,-0.3273420190252086,1,0,1,1,0,0,1,0,0,1
966,0.25876789774339787,0.4419714384655537,-0.11866334325664668,1,0,0,0,1,0,0,0,0,1
967,1.4859523974756728,-2.220448373654617,-0.2676497335996071,1,0,1,1,0,1,0,0,0,1
968,-1.0668840754365927,-1.1099455068095547,-0.19767540235663697,1,1,0,0,0,1,0,1,0,0
969,1.0960490959780134,-0.7217239931092261,-0.16529974050719268,1,1,0,1,0,1,0,0,0,1
970,0.012425319939269874,0.8343230229255477,-0.12491978668775715,1,0,1,0,0,1,0,0,0,1
971,-0.8203937008850617,-1.9061300773787397,-0.016444159470040135,1,0,4,2,0,0,1,0,0,1
972,-0.7918583553319006,0.0071851533651722255,-0.1898151086525002,1,1,0,3,0,0,1,0,0,1
973,-1.617705264956037,0.0,-0.490368913054624,1,1,0,0,0,0,1,0,1,0
974,-0.4678943011142732,0.0,-0.4351979178525594,1,1,0,0,0,1,0,0,1,0
975,-0.023231630332192776,0.02315420611981384,1.1907765432824688,1,1,0,0,1,0,0,0,0,1
976,1.407086960709984,-0.20770884610120124,-0.5021541689424036,1,0,0,0,0,0,1,0,0,1
977,-0.9985859059562341,-0.6425552279959119,-0.23069108587965823,1,1,0,2,1,0,0,0,0,1
978,-1.0267768815619598,-0.02241108647616829,-0.2578992474035752,1,1,0,1,0,0,1,1,0,0
979,-1.3110727673632459,-0.5189139734220962,-0.4915357143880492,1,1,0,0,0,0,1,0,0,1
980,0.3575477024720367,-1.7476130844660736,-0.11844281573150392,1,1,0,1,0,1,0,0,0,1
981,1.6624672861257088,-0.14420049046990846,-0.20086838643563928,1,1,1,0,0,1,0,1,0,0
982,0.6985079714436707,-0.925689380732128,-0.32289737708868166,1,0,1,1,0,0,1,1,0,0
983,1.061962744996789,-1.9776589131289837,-0.10758389993370115,1,1,1,1,0,1,0,0,0,1
984,-0.28282455923262234,-0.3119432708215915,1.1544222247951073,1,1,0,0,1,0,0,1,0,0
985,0.8260065054951296,-0.19575929859579183,-0.39481162764319433,1,0,0,0,0,0,1,1,0,0
986,-0.2353929620659419,-0.5413143416236781,1.5948945288703675,1,1,1,0,1,0,0,1,0,0
987,-1.2326125781097181,0.0,-0.49237782784290063,1,1,0,0,0,0,1,0,1,0
988,-0.6500532250314333,0.009523897767893433,0.7618011459528704,1,1,0,0,1,0,0,1,0,0
989,-0.3710823735366179,-0.07252192933375257,-0.4900948479281383,1,1,0,0,0,0,1,0,1,0
990,0.5910560272880091,-0.2033720797762771,-0.03879572503812906,1,0,0,0,1,0,0,0,0,1
991,0.45480197368530517,-0.30069522172823077,1.0710600828211876,1,0,0,0,1,0,0,1,0,0
992,0.35778966863460976,1.822649100734136,0.6645942251965472,1,1,1,0,1,0,0,1,0,0
993,-1.4807616294067676,-1.28126743540895,-0.2231483939744918,1,0,1,0,0,1,0,1,0,0
994,-0.46730297139039656,0.0,-0.49126526709221036,1,1,0,0,0,0,1,0,1,0
995,-0.3236062847944584,1.085197003911571,4.023357695213606,1,1,0,0,1,0,0,1,0,0
996,-1.0017602463727666,-0.02513689550058615,-0.2651549445697568,1,1,0,1,0,0,1,1,0,0
997,-0.7725654361975041,-0.6151675541829276,-0.5323266889927984,1,0,0,0,0,1,0,0,0,1
998,-1.4094408987727118,-0.05074062112800918,-0.45911729460553574,1,0,0,0,0,0,1,0,0,1
999,-1.492922538817427,0.0,-0.3679863667403309,1,1,0,0,0,0,1,0,1,0
1000,1.1250258113606606,0.051381223861994285,0.48910360681684706,1,0,0,0,0,0,1,0,0,1
1001,0.4980154310800463,0.48862282882396874,-0.11713391556197966,1,0,0,0,1,0,0,0,0,1
1002,-0.38521990273687917,-0.3244834690849318,-0.49048608483819817,1,1,0,0,0,0,1,0,0,1
1003,0.09712619709292461,2.041706841890421,-0.4458130329744742,1,1,0,0,0,1,0,0,0,1
1004,1.0018554586729846,-0.7431233174691325,2.7396352172377894,1,1,0,0,1,0,0,0,0,1
1005,1.1811723669510672,-1.9715467657821908,-0.17732779775250396,1,1,0,1,0,1,0,0,0,1
1006,-1.0061425891103641,0.0,-0.49230109050692944,1,1,0,0,0,0,1,0,1,0
1007,0.547883886040305,1.4618799986325302,0.39170109699927536,1,0,1,0,1,0,0,1,0,0
1008,-0.5372685599462776,0.8334528570282361,-0.3173588699599104,1,1,0,0,0,1,0,0,0,1
1009,0.04678237801316923,2.012395694108818,-0.4679777557959664,1,0,0,0,0,0,1,0,0,1
1010,-0.5890275125594673,0.1588691303702405,1.6491284803910846,1,1,1,0,1,0,0,0,0,1
1011,0.5096870452209585,-0.4385718983222164,0.45680338671396853,1,1,1,2,0,1,0,0,0,1
1012,-0.14712530102843777,0.9124714468441206,-0.4888542575852486,1,0,0,0,0,0,1,0,0,1
1013,-1.6986220381162376,-0.20280544518031818,-0.4218938598766185,1,1,0,2,0,0,1,0,0,1
1014,1.0966878424896869,0.03069855344578995,1.0516377388282667,1,1,0,0,1,0,0,0,0,1
1015,-0.7106108650935493,-0.025576253952694975,1.0688442988272484,1,1,0,0,1,0,0,0,0,1
1016,0.5805311004161533,-0.1813673060112753,-0.04439990774121606,1,0,0,0,1,0,0,0,0,1
1017,-0.9361954733406362,-0.9022385991158092,-0.4863374216869257,1,0,0,0,0,0,1,0,0,1
1018,0.45362661611882293,-0.6104468784099345,-0.08778426501366592,1,1,1,0,0,1,0,0,0,1
1019,-0.09367063120202351,0.48488031056184405,1.7677408088510642,1,0,1,2,1,0,0,0,0,1
1020,-1.3885609584149736,0.38654512084219517,-0.004897331327977414,1,0,0,0,1,0,0,0,0,1
1021,-0.13951200537352268,0.9662903261577511,-0.4888542575852486,1,0,0,0,0,0,1,0,0,1
1022,-0.668031301301951,1.0466607371699612,-0.37338111143262775,1,1,0,0,0,1,0,0,0,1
1023,1.5699695891793337,1.166270442709043,2.6644345435658066,1,1,0,0,1,0,0,0,0,1
1024,0.8103114921130717,-0.41004200573246036,0.6992625564981538,1,1,0,0,1,0,0,1,0,0
1025,-1.1431891329576214,0.19948245015423904,-0.3866707201133388,1,1,0,0,0,1,0,0,0,1
1026,0.48668279919808244,0.9596896877187211,0.025415165920477323,1,1,1,1,0,1,0,0,0,1
1027,-0.5274916845950385,0.005690761871688155,0.4981726713815897,1,1,0,0,1,0,0,1,0,0
1028,-0.36543923555869184,0.7551169645649778,-0.3866707201133388,1,1,0,0,0,1,0,0,0,1
1029,-0.5113785025390876,-1.0536706046473943,-0.3368189278721674,1,1,0,2,0,0,1,1,0,0
1030,-0.9182105637100498,-0.4724890817054525,-0.4915599847617892,1,1,0,0,0,0,1,0,0,1
1031,-0.4258923284345888,0.060821232922170294,-0.2701226721361618,1,1,1,0,0,0,1,0,0,1
1032,-0.027017774551949637,1.1212189596233872,-0.12111258483048312,1,1,1,0,0,1,0,0,0,1
1033,-0.30821728908096946,0.0,-0.49178565031872523,1,1,0,0,0,0,1,0,1,0
1034,-1.37016506749174,-0.325210148734526,-0.44610669242635476,1,1,0,0,0,0,1,0,0,1
1035,0.24348322303114658,0.5625538373100752,-0.11868650165369679,1,0,0,0,1,0,0,0,0,1
1036,0.5695387179730174,2.0150039118956626,0.7784371645912691,1,0,1,0,1,0,0,1,0,0
1037,-0.4763978562995733,0.13487306893473072,-0.23578254528339945,1,1,1,1,0,0,1,0,0,1
1038,0.43134105808148704,-2.080827257501417,-0.26066180729354516,1,1,2,1,0,0,1,1,0,0
1039,0.6673348101051195,-0.6399345530698852,4.636828965320985,1,1,2,2,1,0,0,1,0,0
1040,-0.019178575269331033,-0.05517338194962024,-0.11449458862470889,1,0,0,0,1,0,0,0,0,1
1041,-1.635756252724595,0.6023469612955507,-0.03400061843997857,1,1,0,4,0,0,1,0,0,1
1042,0.19224104807680753,-1.9782071562361219,-0.26066180729354516,1,1,2,1,0,0,1,1,0,0
1043,-1.4254136537942173,-0.1677270737637367,2.1717210359825176,1,1,1,0,1,0,0,1,0,0
1044,-1.0990110334199923,-0.5705548478701443,0.681567331663974,1,1,1,0,1,0,0,0,0,1
1045,-0.622410800688796,-0.27067826278411955,0.9882398116911959,1,1,0,0,1,0,0,1,0,0
1046,0.7935792334283728,-0.39172964111056824,0.777262980741388,1,0,0,0,1,0,0,1,0,0
1047,-0.4532983650860293,-0.039776530264962535,-0.3247097215902237,1,1,1,0,0,0,1,0,0,1
1048,0.7301019229194522,-2.005321804067316,0.0835797352462784,1,0,1,1,0,1,0,0,0,1
1049,-0.886225646694731,-0.7885760194587671,-0.44311736917810274,1,0,0,0,0,1,0,0,0,1
1050,-0.7529966226129549,-0.46584896004953424,4.647001076532463,1,1,3,2,1,0,0,0,0,1
1051,-1.121083547153752,-0.42272849778070315,-0.534230529541909,1,0,0,0,0,0,1,0,0,1
1052,1.3109389974646342,-0.9251076195255744,0.49592994077286945,1,1,1,0,1,0,0,0,0,1
1053,-0.5055088843827127,0.22912819465291673,1.819664353834376,1,1,0,0,1,0,0,1,0,0
1054,-0.14312368776976458,-2.208521965349999,-0.3053705105431133,1,0,0,2,0,1,0,1,0,0
1055,0.005309426284917096,-0.5924805998028931,-0.49826643678393556,1,1,0,0,0,0,1,0,0,1
1056,-0.9764047226507505,0.1556652573531811,0.9074016265532434,1,1,0,0,1,0,0,1,0,0
1057,-1.1753503682238227,0.0,-0.16493132512677994,1,1,1,0,0,0,1,0,1,0
1058,0.5759664955335012,-0.4121918964983124,-0.0840785476455927,1,1,1,1,0,1,0,0,0,1
1059,1.6230599745176062,-0.1737167097938068,-0.31857050559347894,1,1,0,0,1,0,0,1,0,0
1060,-0.027381335697577946,-1.7217359254105427,-0.11988611489111134,1,1,0,2,0,1,0,0,0,1
1061,0.45875940199983534,1.9274840539146767,0.36802940191908873,1,0,0,0,1,0,0,1,0,0
1062,0.09498336606467866,0.0880903834798743,0.4646733252641985,1,1,1,0,1,0,0,0,0,1
1063,0.9630738954978437,2.0450219140784145,0.942368492932679,1,1,0,0,1,0,0,1,0,0
1064,-0.5242472494885342,0.49096974999743936,0.40460289673890854,1,0,1,0,1,0,0,0,0,1
1065,-0.12415080792228238,0.017429339736971215,-0.3087411862503065,1,1,1,0,0,0,1,0,0,1
1066,1.5098884386774012,1.6153738725343372,1.0182438798653948,1,1,1,1,1,0,0,0,0,1
1067,1.1367854438231102,-1.912975613522813,-0.10070368114605155,1,1,0,1,0,1,0,0,0,1
1068,-0.7795950778491647,-1.9638116982918508,-0.016444159470040135,1,0,4,2,0,0,1,0,0,1
1069,0.2530168809658023,1.9326634834877194,-0.44381040421848733,1,1,0,0,0,1,0,0,0,1
1070,1.5897651407946922,1.4177739894301222,-0.1263453225405672,1,1,0,0,1,0,0,0,0,1
1071,-0.4413708285013802,-0.033159420812301235,-0.054483062336822305,1,0,0,0,1,0,0,0,0,1
1072,1.1844783297645916,1.143573878207641,-0.11762794638927687,1,0,0,0,1,0,0,0,0,1
1073,0.8580527480803914,0.0,-0.06653245155289589,1,0,0,0,1,0,0,0,0,1
1074,-1.3905267462953872,-0.04067399849794695,-0.46561611195941177,1,0,0,0,0,0,1,0,0,1
1075,-0.535901588232783,0.332349401362125,-0.2561752287524564,1,1,1,0,0,0,1,0,0,1
1076,-0.9589104975284972,0.008233539681730209,0.6845201967355179,1,1,0,0,1,0,0,0,0,1
1077,0.36890473704308474,-0.04698383778543247,-0.015046400304966623,1,0,0,0,0,0,1,0,0,1
1078,-0.1804310179308718,0.08697558674127909,-0.30643723895603464,1,1,1,0,0,0,1,0,0,1
1079,0.9278979793382646,1.2121236455780038,-0.38204362285415555,1,1,0,0,0,1,0,0,0,1
1080,0.9941770590448263,-0.8318405783011527,3.9327230485884233,1,1,0,0,1,0,0,1,0,0
1081,0.9182648244927754,0.4939747710447918,9.328318434643558,1,0,0,0,1,0,0,1,0,0
1082,0.7433248903348315,-0.20770884610120124,0.07921446272940463,1,0,0,0,1,0,0,0,0,1
1083,-0.7271794365209174,0.05402014261576077,1.1725879543623987,1,1,0,0,1,0,0,0,0,1
1084,-0.23153234551014076,0.49653451555908246,-0.3866707201133388,1,1,0,0,0,1,0,0,0,1
1085,-0.6857508930265175,1.6879076859236886,2.9507625727520463,1,1,0,0,1,0,0,1,0,0
1086,-1.2890333889591623,-0.6530579269882436,-0.4939628006504706,1,1,0,0,0,0,1,0,0,1
1087,0.8477972831016014,-1.8000654994262912,-0.025806565001031873,1,1,0,1,0,1,0,0,0,1
1088,0.4936718284198054,0.19819776033018421,-0.4888542575852486,1,0,0,0,0,0,1,0,0,1
1089,-1.3029698690336275,-0.5235293332606656,-0.4915885461789067,1,1,0,0,0,0,1,0,0,1
1090,0.08386199886791429,0.14380431066740512,-0.11620285431947601,1,0,0,0,1,0,0,0,0,1
1091,-0.6685305127222765,0.0,1.1637512303617297,1,1,0,0,1,0,0,1,0,0
1092,-0.30828189206303486,0.7481499739876507,1.9785561020288387,1,1,0,0,1,0,0,1,0,0
1093,-0.15352087602885608,1.2016069565785548,-0.41341793978777625,1,1,0,0,0,1,0,0,0,1
1094,1.0357129719003533,-0.2665254649931805,-0.4156337598434034,1,1,0,0,0,1,0,0,0,1
1095,-1.0097346111721863,-0.31910375751059206,-0.49247960902775256,1,1,0,0,0,0,1,0,1,0
1096,1.0894121149677916,0.18331181736845453,3.718376933045618,1,1,0,0,1,0,0,0,1,0
1097,-1.5371979740740127,0.05238835075339915,-0.005348882593900192,1,0,0,0,1,0,0,0,0,1
